Amenity,Type,Latitude,Longitude
Admiralty MRT Station,Rail Station,1.440588562,103.8009905
Aljunied MRT Station,Rail Station,1.316432612,103.882906
Ang Mo Kio MRT Station,Rail Station,1.36993285,103.8495581
Bakau LRT Station,Rail Station,1.387994311,103.9054153
Bangkit LRT Station,Rail Station,1.38002223,103.7726474
Bartley MRT Station,Rail Station,1.342501178,103.8801779
Bayfront MRT Station,Rail Station,1.281873789,103.8590798
Beauty World MRT Station,Rail Station,1.341718464,103.7754136
Bedok MRT Station,Rail Station,1.320401487,103.9571838
Bedok North MRT Station,Rail Station,1.334742117,103.9179783
Bedok Reservoir MRT Station,Rail Station,1.33660783,103.9322346
Bencoolen MRT Station,Rail Station,1.298918434,103.8503538
Bendemeer MRT Station,Rail Station,1.313672528,103.8629776
Bishan MRT Station,Rail Station,1.351315801,103.8491403
Boon Keng MRT Station,Rail Station,1.319943392,103.8617463
Boon Lay MRT Station,Rail Station,1.338530909,103.7059113
Botanic Gardens MRT Station,Rail Station,1.322387,103.8153855
Braddell MRT Station,Rail Station,1.340469001,103.8467991
Bras Basah MRT Station,Rail Station,1.296752622,103.8509188
Bright Hill MRT Station,Rail Station,1.363846766,103.8338992
Buangkok MRT Station,Rail Station,1.38287002,103.8931226
Bugis MRT Station,Rail Station,1.300465085,103.8557067
Bukit Batok MRT Station,Rail Station,1.348932281,103.7494922
Bukit Gombak MRT Station,Rail Station,1.358662721,103.7519133
Bukit Panjang MRT Station,Rail Station,1.378612055,103.7614059
Buona Vista MRT Station,Rail Station,1.307223708,103.7902535
Caldecott MRT Station,Rail Station,1.337245613,103.8401618
Canberra MRT Station,Rail Station,1.443076641,103.8297026
Cashew MRT Station,Rail Station,1.369815449,103.7644392
Changi Airport MRT Station,Rail Station,1.357478974,103.9878836
Cheng Lim LRT Station,Rail Station,1.396277633,103.8937972
Chinatown MRT Station,Rail Station,1.284223919,103.8451438
Chinese Garden MRT Station,Rail Station,1.342244948,103.7327666
Choa Chu Kang MRT Station,Rail Station,1.385363165,103.7443708
City Hall MRT Station,Rail Station,1.293186737,103.8524138
Clarke Quay MRT Station,Rail Station,1.287452114,103.8461192
Clementi MRT Station,Rail Station,1.315116253,103.7651915
Commonwealth MRT Station,Rail Station,1.302501999,103.7982285
Compassvale LRT Station,Rail Station,1.394493045,103.9004925
Coral Edge LRT Station,Rail Station,1.393909229,103.9125808
Cove LRT Station,Rail Station,1.399281988,103.9059619
Dakota MRT Station,Rail Station,1.308547984,103.8890647
Damai LRT Station,Rail Station,1.405234836,103.9086035
Dhoby Ghaut MRT Station,Rail Station,1.298655224,103.8461942
Dover MRT Station,Rail Station,1.311405293,103.7786378
Downtown MRT Station,Rail Station,1.279446382,103.8528408
Esplanade MRT Station,Rail Station,1.293657725,103.8550812
Eunos MRT Station,Rail Station,1.319783549,103.9032258
Expo MRT Station,Rail Station,1.335382526,103.9623747
Fajar LRT Station,Rail Station,1.384573177,103.7708872
Farmway LRT Station,Rail Station,1.397170196,103.8893048
Farrer Park MRT Station,Rail Station,1.3131403,103.8547547
Farrer Road MRT Station,Rail Station,1.317439152,103.8073792
Fernvale LRT Station,Rail Station,1.391885892,103.8763086
Fort Canning MRT Station,Rail Station,1.292481948,103.8443314
Gardens by the Bay MRT Station,Rail Station,1.2784873,103.8674547
Geylang Bahru MRT Station,Rail Station,1.321301102,103.8716226
Great World MRT Station,Rail Station,1.293316457,103.8339066
Gul Circle MRT Station,Rail Station,1.319470901,103.6605305
HarbourFront MRT Station,Rail Station,1.265389384,103.8215302
Havelock MRT Station,Rail Station,1.28850524,103.8335858
Haw Par Villa MRT Station,Rail Station,1.281956887,103.781989
Hillview MRT Station,Rail Station,1.362344868,103.7674183
Holland Village MRT Station,Rail Station,1.312192441,103.796411
Hougang MRT Station,Rail Station,1.371292266,103.8923805
Jalan Besar MRT Station,Rail Station,1.305171388,103.8552957
Jelapang LRT Station,Rail Station,1.38673927,103.7645341
Joo Koon MRT Station,Rail Station,1.327689397,103.67824
Jurong East MRT Station,Rail Station,1.333295066,103.7421539
Kadaloor LRT Station,Rail Station,1.399509106,103.916575
Kaki Bukit MRT Station,Rail Station,1.335038537,103.908776
Kallang MRT Station,Rail Station,1.31148891,103.8713865
Kangkar LRT Station,Rail Station,1.383959117,103.9022254
Keat Hong LRT Station,Rail Station,1.378603251,103.7490557
Kembangan MRT Station,Rail Station,1.321038134,103.9129479
Kent Ridge MRT Station,Rail Station,1.293563905,103.7845694
Khatib MRT Station,Rail Station,1.41738337,103.8329799
King Albert Park MRT Station,Rail Station,1.335893496,103.7832359
Kovan MRT Station,Rail Station,1.360179171,103.8850649
Kranji MRT Station,Rail Station,1.425086981,103.7621375
Kupang LRT Station,Rail Station,1.39821283,103.8812562
Labrador Park MRT Station,Rail Station,1.272368386,103.8034162
Lakeside MRT Station,Rail Station,1.344259115,103.7209491
Lavender MRT Station,Rail Station,1.307377817,103.8627676
Layar LRT Station,Rail Station,1.392079837,103.8800296
Lentor MRT Station,Rail Station,1.38550658,103.8357438
Little India MRT Station,Rail Station,1.307288824,103.8499224
Lorong Chuan MRT Station,Rail Station,1.351639278,103.8639457
MacPherson MRT Station,Rail Station,1.326150245,103.8892986
Marina Bay MRT Station,Rail Station,1.276427355,103.8545978
Marina South Pier MRT Station,Rail Station,1.271027036,103.8624475
Marsiling MRT Station,Rail Station,1.432521149,103.7740746
Marymount MRT Station,Rail Station,1.348707263,103.8394231
Mattar MRT Station,Rail Station,1.326876715,103.8832475
Maxwell MRT Station,Rail Station,1.280533298,103.8438837
Mayflower MRT Station,Rail Station,1.371463188,103.8365678
Meridian LRT Station,Rail Station,1.39691205,103.9089502
Mountbatten MRT Station,Rail Station,1.306201905,103.8825281
Napier MRT Station,Rail Station,1.306782234,103.8189568
Newton MRT Station,Rail Station,1.312318922,103.8379846
Nibong LRT Station,Rail Station,1.411854477,103.9003395
Nicoll Highway MRT Station,Rail Station,1.299766847,103.863637
Novena MRT Station,Rail Station,1.320440791,103.8438256
Oasis LRT Station,Rail Station,1.40228668,103.9127274
one-north MRT Station,Rail Station,1.299735994,103.7874721
Orchard MRT Station,Rail Station,1.302422248,103.8238685
Orchard Boulevard MRT Station,Rail Station,1.303623073,103.8236504
Outram Park MRT Station,Rail Station,1.279739707,103.8395135
Pasir Panjang MRT Station,Rail Station,1.276213522,103.7913503
Pasir Ris MRT Station,Rail Station,1.37300805,103.9492651
Paya Lebar MRT Station,Rail Station,1.31719912,103.8923649
Pending LRT Station,Rail Station,1.376135743,103.7712612
Petir LRT Station,Rail Station,1.377772043,103.7666458
Phoenix LRT Station,Rail Station,1.378615451,103.7579956
Pioneer MRT Station,Rail Station,1.337587011,103.6973216
Potong Pasir MRT Station,Rail Station,1.331879714,103.8690579
Promenade MRT Station,Rail Station,1.293997986,103.86035
Punggol MRT Station,Rail Station,1.414927334,103.9101664
Punggol Point LRT Station,Rail Station,1.41684852,103.9066508
Queenstown MRT Station,Rail Station,1.294550852,103.8060772
Raffles Place MRT Station,Rail Station,1.283933262,103.8514631
Ranggung LRT Station,Rail Station,1.384233559,103.8971947
Redhill MRT Station,Rail Station,1.289634534,103.816741
Renjong LRT Station,Rail Station,1.38670059,103.8906213
Riviera LRT Station,Rail Station,1.3945198,103.9161694
Rochor MRT Station,Rail Station,1.303852185,103.8527694
Rumbia LRT Station,Rail Station,1.391468495,103.9059736
Sam Kee LRT Station,Rail Station,1.409612685,103.9048316
Samudera LRT Station,Rail Station,1.415901722,103.9021563
Segar LRT Station,Rail Station,1.387785087,103.7695997
Sembawang MRT Station,Rail Station,1.449050822,103.8200461
Sengkang MRT Station,Rail Station,1.391694626,103.8954847
Senja LRT Station,Rail Station,1.382725471,103.7623443
Serangoon MRT Station,Rail Station,1.350633615,103.8727717
Shenton Way MRT Station,Rail Station,1.277716828,103.8503676
Simei MRT Station,Rail Station,1.343197079,103.9533772
Sixth Avenue MRT Station,Rail Station,1.330960581,103.7969693
Somerset MRT Station,Rail Station,1.300264167,103.8390858
Soo Teck LRT Station,Rail Station,1.405323319,103.8972905
South View LRT Station,Rail Station,1.380298287,103.7452918
Springleaf MRT Station,Rail Station,1.397581061,103.8178569
Stadium MRT Station,Rail Station,1.302812468,103.8753377
Stevens MRT Station,Rail Station,1.320065558,103.8260244
Sumang LRT Station,Rail Station,1.408452419,103.8985585
Tai Seng MRT Station,Rail Station,1.335339993,103.8882654
Tampines MRT Station,Rail Station,1.345515306,103.938437
Tampines East MRT Station,Rail Station,1.356191483,103.9546345
Tampines West MRT Station,Rail Station,1.345515306,103.938437
Tan Kah Kee MRT Station,Rail Station,1.326392241,103.8065482
Tanah Merah MRT Station,Rail Station,1.327310982,103.9464517
Tanjong Pagar MRT Station,Rail Station,1.276568292,103.8460067
Teck Lee LRT Station,Rail Station,1.412770894,103.9065776
Teck Whye LRT Station,Rail Station,1.376684679,103.7537122
Telok Ayer MRT Station,Rail Station,1.282068948,103.8486488
Telok Blangah MRT Station,Rail Station,1.270706477,103.8097616
Thanggam LRT Station,Rail Station,1.397318156,103.8756352
Tiong Bahru MRT Station,Rail Station,1.286194579,103.8269989
Toa Payoh MRT Station,Rail Station,1.332596728,103.8475773
Tongkang LRT Station,Rail Station,1.389347947,103.8858442
Tuas Crescent MRT Station,Rail Station,1.321026956,103.6490782
Tuas Link MRT Station,Rail Station,1.340882425,103.6369914
Tuas West Road MRT Station,Rail Station,1.329985047,103.6396166
Ubi MRT Station,Rail Station,1.32997426,103.8992267
Upper Changi MRT Station,Rail Station,1.341739774,103.9614728
Upper Thomson MRT Station,Rail Station,1.354416434,103.8328985
Woodlands MRT Station,Rail Station,1.436057617,103.7879388
Woodlands North MRT Station,Rail Station,1.447782173,103.7851355
Woodlands South MRT Station,Rail Station,1.427488114,103.7927299
Woodleigh MRT Station,Rail Station,1.339190045,103.8708183
Yew Tee MRT Station,Rail Station,1.397475942,103.7474182
Yio Chu Kang MRT Station,Rail Station,1.381755871,103.8449473
Yishun MRT Station,Rail Station,1.429443085,103.835005
100 AM,Shopping Mall,1.274682815,103.8434884
313@Somerset,Shopping Mall,1.301006569,103.8382466
Aperia,Shopping Mall,1.310473668,103.8643132
Balestier Hill Shopping Centre,Shopping Mall,1.325595948,103.8425716
Bugis Cube,Shopping Mall,1.298140834,103.8556353
Bugis Junction,Shopping Mall,1.299137172,103.8554503
Bugis+,Shopping Mall,1.300951715,103.8551726
Capitol Piazza,Shopping Mall,1.293078848,103.851262
Cathay Cineleisure Orchard,Shopping Mall,1.301492649,103.8364068
Clarke Quay Central,Shopping Mall,1.2888386,103.846558
The Centrepoint,Shopping Mall,1.301450455,103.8400341
City Square Mall,Shopping Mall,1.311382719,103.8566269
City Gate,Shopping Mall,1.3023159,103.8623317
CityLink Mall,Shopping Mall,1.292777731,103.8541735
Duo,Shopping Mall,1.299534349,103.8584017
Far East Plaza,Shopping Mall,1.307266064,103.8337353
Funan,Shopping Mall,1.291347597,103.8499898
Great World City,Shopping Mall,1.293422727,103.8320221
HDB Hub,Shopping Mall,1.33201387,103.8498495
One Holland Village,Shopping Mall,1.3110492,103.7941455
ION Orchard,Shopping Mall,1.304098062,103.8315921
Junction 8,Shopping Mall,1.350182003,103.8485157
Knightsbridge,Shopping Mall,1.302983123,103.8362839
Liat Towers,Shopping Mall,1.305087227,103.8307226
Lucky Plaza,Shopping Mall,1.30446379,103.8340052
Marina Bay Sands,Shopping Mall,1.284662036,103.8610059
The Shoppes at Marina Bay Sands,Shopping Mall,1.28423496,103.8589823
Marina Bay Link Mall,Shopping Mall,1.280195333,103.8542077
Marina Square,Shopping Mall,1.291855333,103.8585781
Millenia Walk,Shopping Mall,1.292679269,103.8603029
Mustafa Centre,Shopping Mall,1.3101121,103.8552909
Ngee Ann City,Shopping Mall,1.30227273,103.8348995
Orchard Central,Shopping Mall,1.300838908,103.8394347
Orchard Gateway,Shopping Mall,1.30160117,103.8388689
Orchard Plaza,Shopping Mall,1.301257294,103.8411501
Midpoint Orchard,Shopping Mall,1.301773133,103.8386597
Palais Renaissance,Shopping Mall,1.306654845,103.829588
People's Park Centre,Shopping Mall,1.285805835,103.8440322
People's Park Complex,Shopping Mall,1.284044879,103.8425908
Plaza Singapura,Shopping Mall,1.30074771,103.8450476
GR.ID,Shopping Mall,1.3001083,103.8492641
Raffles City,Shopping Mall,1.294083047,103.8533395
Scotts Square,Shopping Mall,1.30579943,103.8330747
Shaw Centre,Shopping Mall,1.3061133,103.8319706
Sim Lim Square,Shopping Mall,1.302906588,103.8530319
Singapore Shopping Centre,Shopping Mall,1.286497018,103.8446287
The South Beach,Shopping Mall,1.294988044,103.8562762
Square 2,Shopping Mall,1.2782295,103.8508125
Sunshine Plaza,Shopping Mall,1.300467354,103.8505561
Suntec City,Shopping Mall,1.293501325,103.8573075
Tanglin Mall,Shopping Mall,1.304853421,103.8238835
Tanjong Pagar Centre,Shopping Mall,1.275596198,103.8423932
Tekka Centre,Shopping Mall,1.306710983,103.8501344
The Adelphi,Shopping Mall,1.291185037,103.8511843
The Paragon,Shopping Mall,1.30375856,103.8352403
Tiong Bahru Plaza,Shopping Mall,1.286440217,103.8274507
The Poiz,Shopping Mall,1.332027297,103.8686595
Thomson Plaza,Shopping Mall,1.354362827,103.8303094
United Square,Shopping Mall,1.31719451,103.8436114
Thomson V,Shopping Mall,1.353194953,103.8355647
Velocity@Novena Square,Shopping Mall,1.319789492,103.8440336
Wheelock Place,Shopping Mall,1.304676287,103.830642
Wisma Atria,Shopping Mall,1.303698907,103.8331896
Zhongshan Mall,Shopping Mall,1.326945045,103.8465544
Bedok Mall,Shopping Mall,1.326119703,103.9295545
Century Square,Shopping Mall,1.352368296,103.9438123
Our Tampines Hub,Shopping Mall,1.353547405,103.9403811
Changi City Point,Shopping Mall,1.33432516,103.9623893
Downtown East,Shopping Mall,1.376656855,103.9556828
Djitsun Mall Bedok,Shopping Mall,1.326119703,103.9295545
Eastpoint Mall,Shopping Mall,1.342705924,103.9530246
Jewel Changi Airport,Shopping Mall,1.360231067,103.9894572
KINEX,Shopping Mall,1.3146185,103.894738
Katong Shopping Centre,Shopping Mall,1.303798132,103.9011617
Katong Square,Shopping Mall,1.304776839,103.9046177
Kallang Wave Mall,Shopping Mall,1.303075152,103.8731497
Leisure Park Kallang,Shopping Mall,1.302221774,103.8761527
i12 Katong,Shopping Mall,1.305223062,103.9050439
Parkway Parade,Shopping Mall,1.30106068,103.9053395
Paya Lebar Square,Shopping Mall,1.31881487,103.8925808
PLQ Mall,Shopping Mall,1.3175612,103.8928367
Roxy Square,Shopping Mall,1.304325999,103.9040511
Singpost Centre,Shopping Mall,1.318996669,103.8948949
Tampines 1,Shopping Mall,1.354550564,103.9453033
Tampines Mall,Shopping Mall,1.352672322,103.944388
White Sands,Shopping Mall,1.372345191,103.9498054
City Plaza,Shopping Mall,1.314802267,103.8934775
Elias Mall,Shopping Mall,1.377828766,103.9423643
Loyang Point,Shopping Mall,1.36645364,103.9645985
888 Plaza,Shopping Mall,1.437118561,103.7953161
Admiralty Place,Shopping Mall,1.440420086,103.8015418
AMK Hub,Shopping Mall,1.369225221,103.8484932
Canberra Plaza,Shopping Mall,1.443495445,103.8303454
Causeway Point,Shopping Mall,1.43622868,103.7863498
Woodlands Civic Centre,Shopping Mall,1.435150244,103.7868161
Broadway Plaza,Shopping Mall,1.371937291,103.8459494
Djitsun Mall,Shopping Mall,1.326119703,103.9295545
Jubilee Square,Shopping Mall,1.371785586,103.8478376
Junction 8,Shopping Mall,1.350182003,103.8485157
Junction Nine,Shopping Mall,1.43312284,103.841661
Marsiling Mall,Shopping Mall,1.433543181,103.7798819
Northpoint City,Shopping Mall,1.42790289,103.8361777
Sembawang Shopping Centre,Shopping Mall,1.441853079,103.8249704
Sun Plaza,Shopping Mall,1.448194368,103.8194644
Vista Point,Shopping Mall,1.430801139,103.7941048
Wisteria Mall,Shopping Mall,1.417989691,103.8413173
Woodlands Mart,Shopping Mall,1.44564787,103.7981623
Woodlands North Plaza,Shopping Mall,1.442855482,103.7909651
Waterway Point,Shopping Mall,1.406379336,103.9021722
Compass One,Shopping Mall,1.392053142,103.8950705
Hougang Mall,Shopping Mall,1.372483087,103.8937881
Heartland Mall,Shopping Mall,1.359541773,103.8851674
NEX,Shopping Mall,1.350769353,103.8722961
Buangkok Square,Shopping Mall,1.384334266,103.8816231
Greenwich V,Shopping Mall,1.387367695,103.869348
Hougang 1,Shopping Mall,1.356642846,103.8898289
Hougang Green Shopping Mall,Shopping Mall,1.379317835,103.8878471
Hougang Rivercourt,Shopping Mall,1.362205919,103.8947421
myVillage At Serangoon Garden,Shopping Mall,1.365114906,103.8651595
Northshore Plaza,Shopping Mall,1.416761272,103.9020744
Oasis Terraces,Shopping Mall,1.40282352,103.9134614
Punggol Plaza,Shopping Mall,1.394256298,103.9130435
Rivervale Mall,Shopping Mall,1.392217327,103.9044731
Rivervale Plaza,Shopping Mall,1.385448338,103.901926
The Seletar Mall,Shopping Mall,1.391470154,103.8761255
Upper Serangoon Shopping Centre,Shopping Mall,1.353480823,103.8788281
Beauty World Centre,Shopping Mall,1.342412642,103.7765394
Beauty World Plaza,Shopping Mall,1.341800186,103.7762594
Bukit Panjang Plaza,Shopping Mall,1.379882914,103.7643778
Bukit Timah Plaza,Shopping Mall,1.338759307,103.7786001
Fajar Shopping Centre,Shopping Mall,1.383601112,103.7709401
Greenridge Shopping Centre,Shopping Mall,1.385405693,103.7662285
Hillion Mall,Shopping Mall,1.378482249,103.7636728
HillV2,Shopping Mall,1.362674508,103.7641729
Junction 10,Shopping Mall,1.38018163,103.7604193
Keat Hong Shopping Centre,Shopping Mall,1.377366074,103.7443936
Limbang Shopping Centre,Shopping Mall,1.392073887,103.7430996
Lot One,Shopping Mall,1.385069923,103.7452389
Rail Mall,Shopping Mall,1.357730502,103.7681377
Sunshine Place,Shopping Mall,1.377897277,103.7390155
Teck Whye Shopping Centre,Shopping Mall,1.38004753,103.7524838
West Mall,Shopping Mall,1.350375416,103.7491239
Yew Tee Point,Shopping Mall,1.397057415,103.7466621
Yew Tee Square,Shopping Mall,1.398047361,103.7470848
VivoCity,Shopping Mall,1.264293168,103.8223047
HarbourFront Centre,Shopping Mall,1.263931603,103.8201122
Alexandra Retail Centre,Shopping Mall,1.273842639,103.801375
321 Clementi,Shopping Mall,1.31200212,103.7649867
The Clementi Mall,Shopping Mall,1.314896196,103.7644231
IMM,Shopping Mall,1.334875261,103.7468948
JCube,Shopping Mall,1.333323126,103.7401871
Jem,Shopping Mall,1.333059993,103.7435037
Westgate,Shopping Mall,1.334157676,103.7427665
Jurong Point,Shopping Mall,1.339452004,103.706685
Pioneer Mall,Shopping Mall,1.341743161,103.6972862
The Star Vista,Shopping Mall,1.306815007,103.7884627
Alexandra Central,Shopping Mall,1.287283209,103.8052834
Anchorpoint,Shopping Mall,1.28893478,103.8056078
OD Mall,Shopping Mall,1.3385772,103.7934057
Boon Lay Shopping Centre,Shopping Mall,1.346373764,103.7124728
Grantral Mall,Shopping Mall,1.314270439,103.7651475
Fairprice Hub,Shopping Mall,1.325617678,103.6784097
Gek Poh Shopping Centre,Shopping Mall,1.348741647,103.6977396
Rochester Mall,Shopping Mall,1.305407656,103.7884467
Taman Jurong Shopping Centre,Shopping Mall,1.334844875,103.720462
West Coast Plaza,Shopping Mall,1.303818114,103.7662664
Queensway Shopping Centre,Shopping Mall,1.287617926,103.8033911
Admiralty Primary School,School,1.44263479,103.8000401
Admiralty Secondary School,School,1.445890689,103.8023982
Ahmad Ibrahim Primary School,School,1.433152715,103.8329424
Ahmad Ibrahim Secondary School,School,1.436059754,103.8297187
Ai Tong School,School,1.360583434,103.8330203
Alexandra Primary School,School,1.291334392,103.8244247
Anchor Green Primary School,School,1.390369987,103.8871654
Anderson Primary School,School,1.384264294,103.8413921
Anderson Secondary School,School,1.374340017,103.8515541
Anderson Serangoon Junior College,School,1.37894408,103.8457609
Ang Mo Kio Primary School,School,1.369321766,103.8396309
Ang Mo Kio Secondary School,School,1.367337102,103.842155
Anglican High School,School,1.331181079,103.9418535
Anglo-Chinese Junior College,School,1.303042552,103.7853584
Anglo-Chinese School (Barker Road),School,1.319089284,103.8348027
Anglo-Chinese School (Independent),School,1.303704093,103.7803634
Anglo-Chinese School (Junior),School,1.309322527,103.8415521
Anglo-Chinese School (Primary),School,1.318370545,103.8356097
Angsana Primary School,School,1.348465689,103.9515771
Assumption English School,School,1.368381607,103.7666875
Assumption Pathway School,School,1.369670704,103.7659591
Bartley Secondary School,School,1.339954156,103.8828062
Beacon Primary School,School,1.383949362,103.773632
Beatty Secondary School,School,1.341790285,103.8522808
Bedok Green Primary School,School,1.323445933,103.937879
Bedok Green Secondary School,School,1.334519473,103.9350284
Bedok South Secondary School,School,1.325136552,103.9509891
Bedok View Secondary School,School,1.32415704,103.9437762
Bendemeer Primary School,School,1.322208485,103.8653513
Bendemeer Secondary School,School,1.3242587,103.8606342
Blangah Rise Primary School,School,1.276120479,103.8086285
Boon Lay Garden Primary School,School,1.342840138,103.7128584
Boon Lay Secondary School,School,1.342722163,103.7018915
Bowen Secondary School,School,1.370359944,103.8776596
Broadrick Secondary School,School,1.307050611,103.8869179
Bukit Batok Secondary School,School,1.348491111,103.7408737
Bukit Merah Secondary School,School,1.285692831,103.8134389
Bukit Panjang Govt. High School,School,1.382242434,103.7383612
Bukit Panjang Primary School,School,1.373621793,103.7693749
Bukit Timah Primary School,School,1.337299558,103.7668287
Bukit View Primary School,School,1.345860548,103.7536664
Bukit View Secondary School,School,1.345733055,103.7522266
Canberra Primary School,School,1.451250244,103.8158589
Canberra Secondary School,School,1.453190863,103.8142036
Canossa Catholic Primary School,School,1.326644245,103.882228
Cantonment Primary School,School,1.275472526,103.8399626
Casuarina Primary School,School,1.372460639,103.9570203
Catholic High School,School,1.354388784,103.8442107
Catholic Junior College,School,1.324556058,103.8350288
Cedar Girls' Secondary School,School,1.333758002,103.8739331
Cedar Primary School,School,1.335660844,103.8756201
Changkat Changi Secondary School,School,1.339506301,103.9532455
Changkat Primary School,School,1.339973347,103.9522739
Chij (Katong) Primary,School,1.306485353,103.9111056
Chij (Kellock),School,1.275022723,103.8281576
Chij Katong Convent,School,1.30644268,103.9171444
Chij Our Lady Of Good Counsel,School,1.357429523,103.8640094
Chij Our Lady Of The Nativity,School,1.373302971,103.8975757
Chij Our Lady Queen Of Peace,School,1.366603669,103.7674122
Chij Primary (Toa Payoh),School,1.332752647,103.8418473
Chij Secondary (Toa Payoh),School,1.332460799,103.8432716
Chij St. Joseph'S Convent,School,1.391752223,103.902465
Chij St. Nicholas Girls' School,School,1.373476879,103.8342533
Chij St. Theresa'S Convent,School,1.275351775,103.8224407
Chongfu School,School,1.438462304,103.8390707
Chongzheng Primary School,School,1.350707392,103.9513995
Christ Church Secondary School,School,1.426567809,103.7934511
Chua Chu Kang Primary School,School,1.377758901,103.7418329
Chua Chu Kang Secondary School,School,1.383190293,103.7518783
Chung Cheng High School (Main),School,1.305091548,103.8916532
Chung Cheng High School (Yishun),School,1.419226036,103.8373908
Clementi Primary School,School,1.315063218,103.7631445
Clementi Town Secondary School,School,1.315539129,103.7620206
Commonwealth Secondary School,School,1.319203959,103.7456374
Compassvale Primary School,School,1.394445296,103.8978122
Compassvale Secondary School,School,1.39614084,103.8998472
Concord Primary School,School,1.380008062,103.7362254
Corporation Primary School,School,1.350997799,103.7075937
Crescent Girls' School,School,1.293319471,103.8175445
Crest Secondary School,School,1.372840601,103.9597282
Damai Primary School,School,1.335461068,103.9212702
Damai Secondary School,School,1.336927985,103.9270917
Dazhong Primary School,School,1.359179745,103.7484721
De La Salle School,School,1.39470783,103.7432018
Deyi Secondary School,School,1.365997026,103.8525458
Dunearn Secondary School,School,1.363579008,103.7447211
Dunman High School,School,1.29996216,103.8829416
Dunman Secondary School,School,1.360652583,103.9562139
East Spring Primary School,School,1.352684007,103.9616768
East Spring Secondary School,School,1.35622509,103.9606407
Edgefield Primary School,School,1.400091395,103.9078476
Edgefield Secondary School,School,1.4005931,103.9026874
Elias Park Primary School,School,1.374512694,103.9451281
Endeavour Primary School,School,1.454038375,103.8174362
Eunoia Junior College,School,1.362137572,103.8412862
Eunos Primary School,School,1.324476299,103.9045413
Evergreen Primary School,School,1.444153328,103.7945778
Evergreen Secondary School,School,1.441491313,103.7941378
Fairfield Methodist School (Primary),School,1.301004419,103.7854556
Fairfield Methodist School (Secondary),School,1.301633744,103.7840996
Fajar Secondary School,School,1.375600053,103.7639989
Farrer Park Primary School,School,1.312368677,103.8507664
Fengshan Primary School,School,1.329805988,103.9317103
Fern Green Primary School,School,1.397269661,103.8803303
Fernvale Primary School,School,1.39030228,103.8744455
First Toa Payoh Primary School,School,1.340322995,103.8555299
Frontier Primary School,School,1.336643112,103.6996828
Fuchun Primary School,School,1.430639758,103.7781752
Fuchun Secondary School,School,1.430704529,103.7776257
Fuhua Primary School,School,1.336597265,103.7360895
Fuhua Secondary School,School,1.347014089,103.7265209
Gan Eng Seng Primary School,School,1.285595165,103.8155474
Gan Eng Seng School,School,1.289071145,103.8237337
Geylang Methodist School (Primary),School,1.317591268,103.8838457
Geylang Methodist School (Secondary),School,1.317649005,103.8826611
Gongshang Primary School,School,1.357116068,103.9491448
Greendale Primary School,School,1.396481951,103.9123346
Greendale Secondary School,School,1.396960199,103.9117001
Greenridge Primary School,School,1.385889219,103.7677945
Greenridge Secondary School,School,1.381864337,103.7738285
Greenwood Primary School,School,1.439899583,103.8047256
Guangyang Primary School,School,1.345690115,103.8494532
Guangyang Secondary School,School,1.34440856,103.8502089
Hai Sing Catholic School,School,1.374346412,103.9549579
Haig Girls' School,School,1.311539114,103.9033936
Henry Park Primary School,School,1.316676462,103.7842962
Hillgrove Secondary School,School,1.352735766,103.7529865
Holy Innocents' High School,School,1.371545088,103.8963988
Holy Innocents' Primary School,School,1.366938309,103.8941149
Hong Wen School,School,1.32176,103.8576285
Horizon Primary School,School,1.399550034,103.9134049
Hougang Primary School,School,1.377382452,103.8808053
Hougang Secondary School,School,1.377640193,103.882534
Hua Yi Secondary School,School,1.352343655,103.7218323
Huamin Primary School,School,1.426958863,103.8442097
Hwa Chong Institution,School,1.325614933,103.8057306
Innova Primary School,School,1.428967007,103.7906075
Jiemin Primary School,School,1.427688477,103.8304255
Jing Shan Primary School,School,1.37223291,103.8521322
Junyuan Primary School,School,1.347870748,103.9392217
Junyuan Secondary School,School,1.353613153,103.9338862
Jurong Pioneer Junior College,School,1.384374064,103.7543746
Jurong Primary School,School,1.339175198,103.6988037
Jurong Secondary School,School,1.330020322,103.723953
Jurong West Primary School,School,1.339175198,103.6988037
Jurong West Secondary School,School,1.335256347,103.7020989
Jurongville Secondary School,School,1.351288628,103.7289077
Juying Secondary School,School,1.338722773,103.6873103
Keming Primary School,School,1.345063498,103.7559232
Kent Ridge Secondary School,School,1.301227734,103.7648896
Kheng Cheng School,School,1.337288184,103.8471411
Kong Hwa School,School,1.31099674,103.888352
Kranji Primary School,School,1.393560505,103.7473627
Kranji Secondary School,School,1.390051099,103.7411907
Kuo Chuan Presbyterian Primary School,School,1.349398137,103.8550182
Kuo Chuan Presbyterian Secondary School,School,1.350171299,103.8549837
Lakeside Primary School,School,1.338203977,103.7180895
Lianhua Primary School,School,1.354241911,103.7541658
Loyang View Secondary School,School,1.366584172,103.9569446
Maha Bodhi School,School,1.328470867,103.9012987
Manjusri Secondary School,School,1.327471231,103.90172
Maris Stella High School,School,1.341394734,103.8778525
Marsiling Primary School,School,1.43383904,103.773643
Marsiling Secondary School,School,1.436644248,103.7760081
Marymount Convent School,School,1.34036677,103.8400211
Mayflower Primary School,School,1.376146217,103.8358052
Mayflower Secondary School,School,1.368272662,103.8353607
Mee Toh School,School,1.394618454,103.9085895
Meridian Primary School,School,1.375528317,103.9348891
Meridian Secondary School,School,1.367246849,103.9489725
Methodist Girls' School (Primary),School,1.349472763,103.8849713
Methodist Girls' School (Secondary),School,1.350967559,103.8851201
Millennia Institute,School,1.350319392,103.7415936
Montfort Junior School,School,1.373824441,103.8893078
Montfort Secondary School,School,1.373961317,103.8889284
Nan Chiau High School,School,1.388795825,103.8900044
Nan Chiau Primary School,School,1.392211499,103.8911809
Nan Hua High School,School,1.308095295,103.7685614
Nan Hua Primary School,School,1.3192016,103.7610951
Nanyang Girls' High School,School,1.330583267,103.802421
Nanyang Junior College,School,1.350283149,103.8664987
Nanyang Primary School,School,1.320847499,103.8077502
National Junior College,School,1.330292911,103.8041109
Naval Base Primary School,School,1.416306632,103.8387941
Naval Base Secondary School,School,1.419378816,103.8310504
New Town Primary School,School,1.299641882,103.8001022
New Town Secondary School,School,1.3097759,103.7731886
Ngee Ann Primary School,School,1.305525059,103.917463
Ngee Ann Secondary School,School,1.354475258,103.9567473
North Spring Primary School,School,1.387061465,103.9032027
North View Primary School,School,1.427523265,103.848255
North Vista Primary School,School,1.38282243,103.8959619
North Vista Secondary School,School,1.381131285,103.8991888
Northbrooks Secondary School,School,1.42081285,103.8451473
Northland Primary School,School,1.420969899,103.8409284
Northland Secondary School,School,1.435801834,103.8401047
Northlight School,School,1.319100216,103.8557596
Northoaks Primary School,School,1.456623796,103.8136885
Northshore Primary School,School,1.418138033,103.9044169
Nus High School Of Mathematics And Science,School,1.306564481,103.7693652
Oasis Primary School,School,1.404624132,103.9111206
Opera Estate Primary School,School,1.319319144,103.9237883
Orchid Park Secondary School,School,1.415320328,103.8378592
Outram Secondary School,School,1.286513575,103.8371273
Palm View Primary School,School,1.38376923,103.8913547
Park View Primary School,School,1.377380699,103.9395417
Pasir Ris Crest Secondary School,School,1.372840601,103.9597282
Pasir Ris Primary School,School,1.372418702,103.9628072
Pasir Ris Secondary School,School,1.372840601,103.9597282
Paya Lebar Methodist Girls' School (Primary),School,1.349472763,103.8849713
Paya Lebar Methodist Girls' School (Secondary),School,1.350967559,103.8851201
Pei Chun Public School,School,1.337373587,103.8555856
Pei Hwa Presbyterian Primary School,School,1.338056346,103.7761064
Pei Hwa Secondary School,School,1.39037505,103.8784617
Pei Tong Primary School,School,1.316665293,103.767439
Peicai Secondary School,School,1.359515832,103.8700107
Peirce Secondary School,School,1.366659447,103.8302161
Peiying Primary School,School,1.417233397,103.8304171
Ping Yi Secondary School,School,1.327016728,103.9207007
Pioneer Primary School,School,1.339022647,103.6877696
Poi Ching School,School,1.357651223,103.9352465
Presbyterian High School,School,1.382011943,103.8431494
Princess Elizabeth Primary School,School,1.349203513,103.7410196
Punggol Cove Primary School,School,1.411599233,103.8988039
Punggol Green Primary School,School,1.401872206,103.8988013
Punggol Primary School,School,1.405145826,103.9051564
Punggol Secondary School,School,1.402057384,103.9092137
Punggol View Primary School,School,1.405145826,103.9051564
Qifa Primary School,School,1.313265833,103.7566291
Qihua Primary School,School,1.442035966,103.7883398
Queenstown Primary School,School,1.29559365,103.8075486
Queenstown Secondary School,School,1.293521268,103.813191
Queensway Secondary School,School,1.300222716,103.8022073
Radin Mas Primary School,School,1.274958236,103.8241883
Raffles Girls' Primary School,School,1.32940426,103.8064429
Raffles Girls' School (Secondary),School,1.342174799,103.843134
Raffles Institution,School,1.346106991,103.8442387
Red Swastika School,School,1.333242978,103.9343323
Regent Secondary School,School,1.393279083,103.7510344
River Valley High School,School,1.344078011,103.7090222
River Valley Primary School,School,1.294223285,103.8358152
Riverside Primary School,School,1.447004265,103.801889
Riverside Secondary School,School,1.441101571,103.7883082
Rivervale Primary School,School,1.393409978,103.9045595
Rosyth School,School,1.372890675,103.8750015
Rulang Primary School,School,1.346738689,103.718458
"School Of Science And Technology, Singapore",School,1.312928106,103.7740115
"School Of The Arts, Singapore",School,1.2993648,103.8486874
Sembawang Primary School,School,1.445073716,103.8210424
Sembawang Secondary School,School,1.445315021,103.8168433
Seng Kang Primary School,School,1.389497404,103.8997671
Seng Kang Secondary School,School,1.386596831,103.898365
Sengkang Green Primary School,School,1.392846067,103.8752177
Serangoon Garden Secondary School,School,1.369325705,103.8692703
Serangoon Secondary School,School,1.369325705,103.8692703
Shuqun Primary School,School,1.347653114,103.7215237
Si Ling Primary School,School,1.432409357,103.7860351
Singapore Chinese Girls' Primary School,School,1.320807252,103.8277447
Singapore Chinese Girls' School,School,1.320634084,103.828165
Singapore Sports School,School,1.426411406,103.7894448
South View Primary School,School,1.381666644,103.7462758
Spectra Secondary School,School,1.437037508,103.8041005
Springdale Primary School,School,1.394670103,103.8899262
Springfield Secondary School,School,1.349573035,103.9303545
St. Andrew'S Junior College,School,1.333065157,103.8635764
St. Andrew'S Junior School,School,1.331402553,103.8651171
St. Andrew'S Secondary School,School,1.33069361,103.8662491
St. Anthony'S Canossian Primary School,School,1.334725373,103.9412349
St. Anthony'S Canossian Secondary School,School,1.334663135,103.9419772
St. Anthony'S Primary School,School,1.334725373,103.9412349
St. Gabriel'S Primary School,School,1.349471927,103.862561
St. Gabriel'S Secondary School,School,1.346487987,103.8760942
St. Hilda'S Primary School,School,1.34938565,103.9370071
St. Hilda'S Secondary School,School,1.349739224,103.937608
St. Joseph'S Institution,School,1.317814761,103.8456333
St. Joseph'S Institution Junior,School,1.317814761,103.8456333
St. Margaret'S Primary School,School,1.324391503,103.8816248
St. Margaret'S Secondary School,School,1.320068214,103.8099511
St. Patrick'S School,School,1.307883419,103.9176382
St. Stephen'S School,School,1.318789973,103.9172581
Stamford Primary School,School,1.303456385,103.8574535
Swiss Cottage Secondary School,School,1.364717427,103.7503961
Tampines Meridian Junior College,School,1.376333469,103.9369907
Tampines North Primary School,School,1.360476415,103.9487258
Tampines Primary School,School,1.349778708,103.9440047
Tampines Secondary School,School,1.349260948,103.9442637
Tanglin Secondary School,School,1.309701692,103.7581584
Tanjong Katong Girls' School,School,1.308212746,103.8958201
Tanjong Katong Primary School,School,1.305240843,103.9000927
Tanjong Katong Secondary School,School,1.30873516,103.8972252
Tao Nan School,School,1.294332105,103.8490262
Teck Ghee Primary School,School,1.365587821,103.8509571
Teck Whye Primary School,School,1.383649968,103.7532919
Teck Whye Secondary School,School,1.383334226,103.7551033
Telok Kurau Primary School,School,1.331045854,103.910934
Temasek Junior College,School,1.31849283,103.9355673
Temasek Primary School,School,1.317706776,103.9455907
Temasek Secondary School,School,1.315916732,103.9475641
Townsville Primary School,School,1.360032637,103.853826
Unity Primary School,School,1.402854819,103.7468226
Unity Secondary School,School,1.400015241,103.7460209
Valour Primary School,School,1.406835702,103.8990781
Victoria Junior College,School,1.306701742,103.9199827
Victoria School,School,1.308713027,103.927981
Waterway Primary School,School,1.398828006,103.9186216
Wellington Primary School,School,1.451920192,103.8223037
West Grove Primary School,School,1.344879056,103.6992864
West Spring Primary School,School,1.389441459,103.7661957
West Spring Secondary School,School,1.387822833,103.7601288
West View Primary School,School,1.383785465,103.7602734
Westwood Primary School,School,1.347184566,103.7005342
Westwood Secondary School,School,1.353736985,103.7017721
White Sands Primary School,School,1.365636109,103.9608618
Whitley Secondary School,School,1.355052085,103.8425524
Woodgrove Primary School,School,1.432736207,103.7902303
Woodgrove Secondary School,School,1.428318281,103.7960476
Woodlands Primary School,School,1.436582707,103.7917913
Woodlands Ring Primary School,School,1.434952293,103.7974357
Woodlands Ring Secondary School,School,1.436488947,103.8001485
Woodlands Secondary School,School,1.436488947,103.8001485
Xinghua Primary School,School,1.357908936,103.8904729
Xingnan Primary School,School,1.342547449,103.6879503
Xinmin Primary School,School,1.371395489,103.8830808
Xinmin Secondary School,School,1.372558847,103.8830516
Xishan Primary School,School,1.433471869,103.8377553
Yangzheng Primary School,School,1.348645758,103.8685955
Yew Tee Primary School,School,1.396766009,103.750986
Yio Chu Kang Primary School,School,1.377932643,103.8856437
Yio Chu Kang Secondary School,School,1.377975977,103.842137
Yishun Innova Junior College,School,1.424266926,103.8300317
Yishun Primary School,School,1.43338603,103.8340871
Yishun Secondary School,School,1.428133243,103.8287643
Yishun Town Secondary School,School,1.432321567,103.8380942
Yu Neng Primary School,School,1.333889303,103.9321449
Yuan Ching Secondary School,School,1.342006358,103.7208987
Yuhua Primary School,School,1.342802305,103.7411058
Yuhua Secondary School,School,1.347186269,103.7226872
Yumin Primary School,School,1.351315699,103.9505511
Yusof Ishak Secondary School,School,1.406937025,103.8962751
Yuying Secondary School,School,1.357135953,103.8901948
Zhangde Primary School,School,1.284211533,103.8259519
Zhenghua Primary School,School,1.379548875,103.7693135
Zhenghua Secondary School,School,1.388365834,103.7655106
Zhonghua Primary School,School,1.360203297,103.8697624
Zhonghua Secondary School,School,1.348407208,103.8694305
Bedok North Street 4 Blk 85 (85 Fengshan Centre),Hawker Centres,1.331987,103.9387325
Redhill Lane Blk 85 (Redhill Food Centre),Hawker Centres,1.2873307,103.8183389
Sembawang Hills Food Centre (Jalan Leban Food Centre),Hawker Centres,1.3723849,103.8289942
Serangoon Garden Market,Hawker Centres,1.363157,103.8667374
Shunfu Road Blk 320 (Shunfu Mart),Hawker Centres,1.3520074,103.8370318
Sims Place Blk 49 (Sims Vista Market and Food Centre),Hawker Centres,1.3170833,103.879417
Smith Street Blk 335 (Chinatown Complex Market),Hawker Centres,1.2822351,103.8431776
Taman Jurong Market and Food Centre,Hawker Centres,1.3345893,103.7215198
Tampines Street 11 Blk 137 (Tampines Round Market and Food Centre),Hawker Centres,1.345639,103.9446244
Tanglin Halt Market,Hawker Centres,1.3007893,103.7976257
Tanjong Pagar Plaza Blk 6 (Blk 6 Tanjong Pagar Plaza Market and Food Centre),Hawker Centres,1.2766146,103.8431669
Teban Gardens Road Blk 37A (Teban Gardens Market and Food Centre),Hawker Centres,1.3208483,103.7428916
Telok Blangah Crescent Blk 11 (11 Telok Blangah Crescent Market and Food Centre),Hawker Centres,1.2773668,103.8186416
Telok Blangah Drive Blk 79 (Telok Blangah Food Centre),Hawker Centres,1.2733682,103.8076268
Telok Blangah Drive Blk 82 (Telok Blangah Market),Hawker Centres,1.2739137,103.8079435
Telok Blangah Rise Blk 36 (Telok Blangah Rise Market),Hawker Centres,1.2727157,103.8221172
Tiong Bahru Market,Hawker Centres,1.2850882,103.8323487
Toa Payoh Lorong 1 Blk 127 (Toa Payoh West Market and Food Court),Hawker Centres,1.3380926,103.8447316
Toa Payoh Lorong 4 Blk 74 (Toa Payoh Vista Market),Hawker Centres,1.3345481,103.8519991
Toa Payoh Lorong 4 Blk 93,Hawker Centres,1.338474,103.8495134
Toa Payoh Lorong 5 Blk 75,Hawker Centres,1.3360388,103.8529415
Toa Payoh Lorong 7 Blk 22 (Kim Keat Palm Market and Food Centre),Hawker Centres,1.3352314,103.857036
Toa Payoh Lorong 8 Blk 210,Hawker Centres,1.34026,103.8543952
Upper Boon Keng Road Blk 17 (Blk 17 Upper Boon Keng Market and Food Centre),Hawker Centres,1.315028,103.8716202
Upper Cross Street Blk 531A (Hong Lim Food Centre and Market),Hawker Centres,1.2852464,103.8458188
West Coast Drive Blk 502 (Ayer Rajah Market),Hawker Centres,1.3118897,103.759166
West Coast Drive Blk 503 (Ayer Rajah Food Centre),Hawker Centres,1.311803,103.7597513
Whampoa Drive Blk 90 (Whampoa Drive Makan Place/Whampoa Food Centre),Hawker Centres,1.322943,103.8551376
Whampoa Drive Blk 91/92 (Whampoa Drive Makan Place/Whampoa Market),Hawker Centres,1.3234217,103.854068
Yishun Park Hawker Centre,Hawker Centres,1.4250176,103.8447475
Yishun Ring Road Blk 104/105 (Chong Pang Market and Food Centre),Hawker Centres,1.4314476,103.8285376
Zion Riverside Food Centre,Hawker Centres,1.2923421,103.8311893
Margaret Drive Hawker Centre,Hawker Centres,1.2974856,103.8047152
Woodleigh Village Hawker Centre,Hawker Centres,1.339796,103.8720902
Anchorvale Village Hawker Centre,Hawker Centres,1.3969141,103.8884896
Fernvale Hawker Centre & Market,Hawker Centres,1.3915923,103.8770604
Punggol Town Hub Hawker Centre,Hawker Centres,1.4081899,103.9048056
Punggol Digital District Hawker Centre,Hawker Centres,1.4145668,103.9082528
Senja Hawker Centre,Hawker Centres,1.3871222,103.7612628
Bukit Batok Hawker Centre,Hawker Centres,1.3552145,103.7418258
Market Street Hawker Centre,Hawker Centres,1.284424,103.8501645
Buangkok Hawker Centre,Hawker Centres,1.3823875,103.8924032
Bedok Reservoir Road Blk 630,Hawker Centres,1.3331592,103.9140538
Bedok South Road Blk 16,Hawker Centres,1.3205521,103.935539
Bendemeer Road Blk 29 (Bendemeer Market and Food Centre),Hawker Centres,1.3192169,103.8630213
Beo Crescent Market,Hawker Centres,1.2888221,103.827358
Berseh Food Centre,Hawker Centres,1.3073365,103.8568539
Boon Lay Place Blk 221A/B (Boon Lay Place Market and Food Village),Hawker Centres,1.345223,103.7127997
Buffalo Road Blk 665 (Tekka Centre/Zhu Jiao Market),Hawker Centres,1.3062058,103.8505309
Bukit Merah Central Blk 163 (Bukit Merah Central Food Centre),Hawker Centres,1.2836925,103.8169923
Bukit Merah Lane 1 Blk 120 (Alexandra Village Food Centre),Hawker Centres,1.2862977,103.8044892
Bukit Merah View Blk 115 (Blk 115 Bukit Merah View Market and Food Centre),Hawker Centres,1.2855047,103.8220493
Bukit Panjang Hawker Centre,Hawker Centres,1.3776005,103.7724895
Bukit Canberra Hawker Centre,Hawker Centres,1.4492166,103.8223992
Market Street Interim Hawker Centre,Hawker Centres,1.2815956,103.8489737
Marsiling Lane Blk 20/21,Hawker Centres,1.4438818,103.7772031
Marsiling Mall Hawker Centre,Hawker Centres,1.4335388,103.7797848
Maxwell Food Centre (Kim Hua Market),Hawker Centres,1.2801122,103.8448278
Mei Chin Road Blk 159 (Mei Chin Road Market),Hawker Centres,1.2932362,103.8029039
New Market Road Blk 32 (People's Park Food Centre),Hawker Centres,1.284991,103.8425787
New Upper Changi Road Blk 208B,Hawker Centres,1.3247388,103.9305604
New Upper Changi Road Blk 58,Hawker Centres,1.3241878,103.9411323
Newton Food Centre,Hawker Centres,1.3118923,103.8395626
North Bridge Road Market,Hawker Centres,1.3057653,103.863891
Old Airport Road Blk 51 (51 Old Airport Road Food Centre and Shopping Mall),Hawker Centres,1.3082515,103.8858332
Our Tampines Hub,Hawker Centres,1.3538621,103.9397261
Pasir Panjang Food Centre,Hawker Centres,1.2759075,103.7914026
Pasir Ris Central Hawker Centre,Hawker Centres,1.3734341,103.951543
Queen Street Blk 270 (Albert Centre),Hawker Centres,1.3010014,103.8542116
Adam Road Food Centre,Hawker Centres,1.3241342,103.814165
Aljunied Ave 2 Blk 117 (Blk 117 Aljunied Market and Food Centre),Hawker Centres,1.3206482,103.887019
Amoy Street Food Centre (Telok Ayer Food Centre),Hawker Centres,1.2792184,103.8466067
Ang Mo Kio Ave 1 Blk 226D (Kebun Baru Market and Food Centre),Hawker Centres,1.3667876,103.8392313
Ang Mo Kio Ave 1 Blk 341 (Teck Ghee Court),Hawker Centres,1.3641051,103.8482542
Ang Mo Kio Ave 10 Blk 409 (Teck Ghee Square),Hawker Centres,1.3627689,103.8553697
Ang Mo Kio Ave 10 Blk 453A (Chong Boon Market and Food Centre),Hawker Centres,1.3682404,103.8563514
Ang Mo Kio Ave 10 Blk 527 (Cheng San Market and Cooked Food Centre),Hawker Centres,1.3727699,103.8544828
Ang Mo Kio Ave 4 Blk 160/162 (Mayflower Market),Hawker Centres,1.3744891,103.8392142
Ang Mo Kio Ave 4 Blk 628 (Ang Mo Kio 628 Market),Hawker Centres,1.3810248,103.8406823
Ang Mo Kio Ave 6 Blk 724 (Blk 724 Ang Mo Kio Market),Hawker Centres,1.3721974,103.8465192
Ang Mo Kio Street 22 Blk 226H (Kebun Baru Food Centre),Hawker Centres,1.3672301,103.8399531
Bedok Food Centre,Hawker Centres,1.320356,103.9554741
Bedok North Street 1 Blk 216,Hawker Centres,1.3270624,103.9332215
Bedok North Street 3 Blk 511 (Kaki Bukit 511 Market and Food Centre),Hawker Centres,1.3332462,103.9306021
Bedok North Street 3 Blk 538,Hawker Centres,1.3317812,103.9248442
Redhill Lane Blk 79 (Redhill Market),Hawker Centres,1.287858,103.8184026
Bukit Timah Market,Hawker Centres,1.3393759,103.775995
Cambridge Road Blk 41A (Pek Kio Market and Food Centre),Hawker Centres,1.3161599,103.850225
Changi Village Blk 2 and 3,Hawker Centres,1.3891517,103.9882457
Chomp Chomp Food Centre,Hawker Centres,1.3642285,103.8665361
Ci Yuan Hawker Centre,Hawker Centres,1.3754289,103.8829779
Circuit Road Blk 79/79A,Hawker Centres,1.3264499,103.8850435
Circuit Road Blk 80 (80 Circuit Road Market and Food Centre),Hawker Centres,1.3278495,103.8871285
Circuit Road Blk 89,Hawker Centres,1.3234452,103.8854492
Clementi Ave 2 Blk 353 (Clementi Ave 2 Market/Cooked Food Centre),Hawker Centres,1.3143677,103.7708367
Clementi Ave 3 Blk 448,Hawker Centres,1.3132648,103.7645105
Clementi West Street 2 Blk 726,Hawker Centres,1.303781,103.7642644
Commonwealth Crescent Market,Hawker Centres,1.306892,103.8003628
Commonwealth Drive Blk 1A/2A/3A (Tanglin Halt Food Centre/Commonwealth Drive Food Centre),Hawker Centres,1.2997133,103.7978754
Dunman Food Centre,Hawker Centres,1.3094141,103.9018251
East Coast Lagoon Food Village,Hawker Centres,1.3066843,103.9350167
Empress Road Blk 7 (Empress Road Market and Food Centre),Hawker Centres,1.3162457,103.8056363
Eunos Crescent Blk 4A,Hawker Centres,1.3203317,103.9042608
Geylang Bahru Blk 69 (Blk 69 Geylang Bahru Market and Food Centre),Hawker Centres,1.3214622,103.8700044
Geylang Serai Market,Hawker Centres,1.316728,103.8982243
Ghim Moh Road Blk 20,Hawker Centres,1.3109962,103.7882306
Golden Mile Food Centre,Hawker Centres,1.3028754,103.8638832
Haig Road Blk 13/14 (Haig Road Market and Cooked Food Centre),Hawker Centres,1.315142,103.8956094
Havelock Road Blk 22A/B (Havelock Road Cooked Food Centre),Hawker Centres,1.2879754,103.8296268
Holland Drive Blk 44 (Holland Drive Market and Food Centre),Hawker Centres,1.3081177,103.7927737
Holland Village Market and Food Centre,Hawker Centres,1.310908,103.7948629
Hougang Ave 1 Blk 105 (Hougang 105 Hainanese Village Centre),Hawker Centres,1.3538373,103.890081
Hougang Street 21 Blk 209 (Kovan Hougang Market and Food Centre),Hawker Centres,1.3591194,103.8859776
Jalan Batu Blk 4A (Blk 4A Jalan Batu Hawker Centre/Market),Hawker Centres,1.3024188,103.8839405
Jalan Bukit Merah Blk 112 (Blk 112 Jalan Bukit Merah Market and Food Centre),Hawker Centres,1.2800048,103.8260132
Jalan Bukit Merah Blk 6 (ABC Brickworks Market/Food Centre),Hawker Centres,1.2869527,103.8081279
Jalan Kukoh Blk 1 (Kukoh 21 Food Centre),Hawker Centres,1.2882305,103.8399459
Jurong East Ave 1 Blk 347 (Yuhua Market and Hawker Centre),Hawker Centres,1.3453124,103.7315797
Jurong East Street 24 Blk 254 (Yuhua Village Market and Food Centre),Hawker Centres,1.3434421,103.7377812
Jurong West Hawker Centre,Hawker Centres,1.341259,103.6974042
Jurong West Street 52 Blk 505,Hawker Centres,1.3496422,103.7184475
Kallang Estate Fresh Market and Food Centre,Hawker Centres,1.3073961,103.8841301
Kampung Admiralty Hawker Centre,Hawker Centres,1.4399328,103.8006964
Marine Parade Central Blk 84 (84 Marine Parade Central Market and Food Centre),Hawker Centres,1.3022851,103.9063385
Marine Terrace Blk 50A (50A Marine Terrace),Hawker Centres,1.3057751,103.9157619
Li Li Cheng Supermarket (Punggol) Pte. Ltd.,Supermarket,1.402303,103.9012623
Sheng Siong Supermarket Pte Ltd,Supermarket,1.3142393,103.870914
Cold Storage Singapore (1983) Pte Ltd,Supermarket,1.373321,103.8863655
Cold Storage Singapore (1983) Pte Ltd,Supermarket,1.3329587,103.9149418
Yes Supermarket Pte Ltd,Supermarket,1.3534531,103.9530099
Suzyameer Frozen Pte. Ltd.,Supermarket,1.3522623,103.9535864
G8 Mart Pte. Ltd.,Supermarket,1.3653842,103.8529669
Sheng Siong Supermarket Pte Ltd,Supermarket,1.3675492,103.8367406
Prime Supermarket (1996) Pte Ltd,Supermarket,1.3537029,103.8906807
Tan Kwee Eng,Supermarket,1.430071,103.8423964
Sheng Siong Supermarket Pte Ltd,Supermarket,1.370188,103.8434132
Kai Soon Supermarket Pte. Ltd.,Supermarket,1.4221386,103.8328826
Cold Storage Singapore (1983) Pte Ltd,Supermarket,1.3232504,103.76726
The Fishwives Pte. Ltd.,Supermarket,1.3225731,103.8142455
Prime Supermarket Limited,Supermarket,1.3342924,103.8787462
Abedin Trading Pte. Ltd.,Supermarket,1.3142065,103.8866997
Cold Storage Singapore (1983) Pte Ltd,Supermarket,1.3022217,103.8761526
Cold Storage Singapore (1983) Pte Ltd,Supermarket,1.320211,103.8436567
Song Fish Dealer Pte Ltd,Supermarket,1.3783497,103.7627411
The Seafood Market Place (By Song Fish) Pte. Ltd.,Supermarket,1.439916,103.8007012
Sheng Siong Supermarket Pte Ltd,Supermarket,1.3077851,103.8570109
Cold Storage Singapore (1983) Pte Ltd,Supermarket,1.3048434,103.8238527
Bluewater Seafood Pte. Ltd.,Supermarket,1.3034459,103.8093816
Wons Butchery Pte. Ltd.,Supermarket,1.3057097,103.8244638
Little Farms Pte. Ltd.,Supermarket,1.3106435,103.7952461
B & S Mini Mart Pte. Ltd.,Supermarket,1.312451,103.8796223
"Chee Min Kuan, Simon",Supermarket,1.3037337,103.8964982
Jsj Corporation Pte. Ltd.,Supermarket,1.318452,103.9858694
U Stars Pte. Ltd.,Supermarket,1.3786023,103.9419781
Lotte Mart Pte. Ltd.,Supermarket,1.3408266,103.7742132
Ajmal Trading Group Pte. Ltd.,Supermarket,1.3221083,103.7274807
Murugan Traders Pte Ltd,Supermarket,1.3249198,103.7050997
Sheng Siong Supermarket Pte Ltd,Supermarket,1.355723,103.7393031
Sheng Siong Supermarket Pte Ltd,Supermarket,1.4468041,103.8054875
Ajmal Trading Group Pte. Ltd.,Supermarket,1.4615255,103.8094389
Sheng Siong Supermarket Pte Ltd,Supermarket,1.4201555,103.8435588
Phan Nee Trading Llp,Supermarket,1.444341,103.8390302
Hao Mart Pte. Ltd.,Supermarket,1.3999042,103.9193527
The Seafood Market Place (By Song Fish) Pte. Ltd.,Supermarket,1.4028784,103.9131957
Cold Storage Singapore (1983) Pte Ltd,Supermarket,1.3726456,103.8538907
Pan Pacific International Holdings Pte. Ltd.,Supermarket,1.2745882,103.8434707
Cold Storage Singapore (1983) Pte Ltd,Supermarket,1.3098222,103.9022324
Sheng Siong Supermarket Pte Ltd,Supermarket,1.4026219,103.9165196
Viva Corp Services Pte. Ltd.,Supermarket,1.3373386,103.903735
Swiss Butchery (2013) Private Limited,Supermarket,1.331761,103.8065868
Roswell Enterprise Pte Ltd,Supermarket,1.3318324,103.8064924
T S J Industrial (S) Pte. Ltd.,Supermarket,1.3368309,103.7543414
Cold Storage Singapore (1983) Pte Ltd,Supermarket,1.3011913,103.9051135
Cold Storage Singapore (1983) Pte Ltd,Supermarket,1.3097424,103.8641016
Cold Storage Singapore (1983) Pte Ltd,Supermarket,1.3146921,103.8944805
Cold Storage Singapore (1983) Pte Ltd,Supermarket,1.3035826,103.7652845
Cold Storage Singapore (1983) Pte Ltd,Supermarket,1.3068488,103.7882145
Foodie Market Place Pte. Ltd.,Supermarket,1.2834507,103.8353713
Mustafa Holdings Pte Ltd,Supermarket,1.3097527,103.8557015
Supernature Pte Ltd,Supermarket,1.3061957,103.828509
Huber'S Pte. Ltd.,Supermarket,1.3067924,103.8101858
Meat The Butcher Pte. Ltd.,Supermarket,1.3243735,103.8093579
Yeo Keng Guan,Supermarket,1.3166189,103.7789472
Cold Storage Singapore (1983) Pte Ltd,Supermarket,1.3175619,103.7858406
Cold Storage Singapore (1983) Pte Ltd,Supermarket,1.3314914,103.8068092
Cold Storage Singapore (1983) Pte Ltd,Supermarket,1.4357608,103.8367238
Chd @ Soon Lee Pte. Ltd.,Supermarket,1.3321229,103.6990702
Sheng Siong Supermarket Pte Ltd,Supermarket,1.325468,103.7252215
Md Sydur Rahman,Supermarket,1.2950136,103.6267292
7Seven Pte. Ltd.,Supermarket,1.4560597,103.7864369
Cold Storage Singapore (1983) Pte Ltd,Supermarket,1.299294,103.787404
Sheng Siong Supermarket Pte Ltd,Supermarket,1.448864,103.8323928
U Stars Pte. Ltd.,Supermarket,1.4406299,103.806198
Sheng Siong Supermarket Pte Ltd,Supermarket,1.3992285,103.8896539
Sheng Siong Supermarket Pte Ltd,Supermarket,1.391587,103.8798724
Bhandari International Pte. Ltd.,Supermarket,1.451325,103.7910951
Sheng Siong Supermarket Pte Ltd,Supermarket,1.4335125,103.7797468
Wan Siew Yoong,Supermarket,1.2818006,103.8429081
Hao Mart Pte. Ltd.,Supermarket,1.328211,103.8598125
Mcp Fairmart Pte Ltd,Supermarket,1.3592594,103.7506946
Hao Mart Pte. Ltd.,Supermarket,1.2778487,103.8308114
Pan Pacific International Holdings Pte. Ltd.,Supermarket,1.300838,103.8394347
Cold Storage Singapore (1983) Pte Ltd,Supermarket,1.3186757,103.8925506
Cold Storage Singapore (1983) Pte Ltd,Supermarket,1.288614,103.8050099
Cold Storage Singapore (1983) Pte Ltd,Supermarket,1.4296984,103.8357764
Cold Storage Singapore (1983) Pte Ltd,Supermarket,1.3594966,103.8850799
Sheng Siong Supermarket Pte Ltd,Supermarket,1.302464,103.7637509
Prime Supermarket Limited,Supermarket,1.308365,103.8609127
Prime Supermarket Limited,Supermarket,1.3487328,103.9340102
Cold Storage Singapore (1983) Pte Ltd,Supermarket,1.3492241,103.9349125
Cold Storage Singapore (1983) Pte Ltd,Supermarket,1.4360078,103.7856887
Cold Storage Singapore (1983) Pte Ltd,Supermarket,1.43084,103.7934163
Lin Poh Ling,Supermarket,1.3406429,103.8543344
Cold Storage Singapore (1983) Pte Ltd,Supermarket,1.3506755,103.8718616
Cold Storage Singapore (1983) Pte Ltd,Supermarket,1.3001424,103.8557869
Nawas Global Pte. Ltd.,Supermarket,1.2716422,103.6335122
Sadia Minimart Pte Ltd,Supermarket,1.4085299,103.7594061
Meidi-Ya Singapore Co (Pte) Ltd,Supermarket,1.2915147,103.8445862
Iroha International Pte. Ltd.,Supermarket,1.3007475,103.8450476
Cold Storage Singapore (1983) Pte Ltd,Supermarket,1.2922595,103.842561
Little Farms Pte. Ltd.,Supermarket,1.2930178,103.8269408
Sheng Siong Supermarket Pte Ltd,Supermarket,1.3221363,103.7382928
Phan Nee Investments (S) Pte Ltd,Supermarket,1.3776108,103.7184037
Cold Storage Singapore (1983) Pte Ltd,Supermarket,1.3317758,103.9462012
Raw Market Pte. Ltd.,Supermarket,1.3755883,103.9608397
The Butcher (Singapore) Pte. Ltd.,Supermarket,1.311921,103.796844
Hao Mart Pte. Ltd.,Supermarket,1.4335951,103.8396853
Seoul Butchery Pte. Ltd.,Supermarket,1.3420749,103.7746327
V Suresh Kumar,Supermarket,1.4598281,103.8200734
Cold Storage Singapore (1983) Pte Ltd,Supermarket,1.3389946,103.7931338
Hao Mart Pte. Ltd.,Supermarket,1.313175,103.8836466
Cold Storage Singapore (1983) Pte Ltd,Supermarket,1.3037232,103.8352403
Cold Storage Singapore (1983) Pte Ltd,Supermarket,1.2773723,103.8528448
Cold Storage Singapore (1983) Pte Ltd,Supermarket,1.3007475,103.8450476
Cold Storage Singapore (1983) Pte Ltd,Supermarket,1.2938023,103.8317579
Popular Supermarket Pte Ltd,Supermarket,1.2703097,103.6341639
Sadia Supermarket & Trading (S) Pte. Ltd.,Supermarket,1.2703097,103.6341639
Cold Storage Singapore (1983) Pte Ltd,Supermarket,1.2477586,103.841921
Cold Storage Singapore (1983) Pte Ltd,Supermarket,1.3194361,103.8273458
Cold Storage Singapore (1983) Pte Ltd,Supermarket,1.3852955,103.7661705
Cold Storage Singapore (1983) Pte Ltd,Supermarket,1.3496223,103.8498817
Ntuc Fairprice Co-Operative Ltd,Supermarket,1.3316618,103.850483
Ntuc Fairprice Co-Operative Ltd,Supermarket,1.3603233,103.9531259
Ntuc Fairprice Co-Operative Ltd,Supermarket,1.348371,103.9481289
Ntuc Fairprice Co-Operative Ltd,Supermarket,1.3921977,103.9044716
Ntuc Fairprice Co-Operative Ltd,Supermarket,1.384932,103.901558
Ntuc Fairprice Co-Operative Ltd,Supermarket,1.354669,103.8309197
Ntuc Fairprice Co-Operative Ltd,Supermarket,1.3329654,103.8470503
Ntuc Fairprice Co-Operative Ltd,Supermarket,1.3239768,103.9106896
Ntuc Fairprice Co-Operative Ltd,Supermarket,1.3572228,103.8437852
Ntuc Fairprice Co-Operative Ltd,Supermarket,1.3797675,103.9362075
Ntuc Fairprice Co-Operative Ltd,Supermarket,1.3155396,103.8987648
Ntuc Fairprice Co-Operative Ltd,Supermarket,1.3078273,103.8847638
Ntuc Fairprice Co-Operative Ltd,Supermarket,1.3543707,103.9851696
Ntuc Fairprice Co-Operative Ltd,Supermarket,1.3211897,103.9032662
Ntuc Fairprice Co-Operative Ltd,Supermarket,1.3506755,103.8718616
Ntuc Fairprice Co-Operative Ltd,Supermarket,1.3323346,103.9380512
Ntuc Fairprice Co-Operative Ltd,Supermarket,1.3141499,103.8885449
Ntuc Fairprice Co-Operative Ltd,Supermarket,1.334325,103.9623893
Ntuc Fairprice Co-Operative Ltd,Supermarket,1.3349197,103.9636539
Ntuc Fairprice Co-Operative Ltd,Supermarket,1.324772,103.9292676
Ntuc Fairprice Co-Operative Ltd,Supermarket,1.3242455,103.9415687
Ntuc Fairprice Co-Operative Ltd,Supermarket,1.35519,103.9887509
Ntuc Fairprice Co-Operative Ltd,Supermarket,1.3038503,103.9028503
Ntuc Fairprice Co-Operative Ltd,Supermarket,1.3325359,103.8670368
Ntuc Fairprice Co-Operative Ltd,Supermarket,1.3038432,103.8727507
Ntuc Fairprice Co-Operative Ltd,Supermarket,1.3427061,103.9530245
Ntuc Fairprice Co-Operative Ltd,Supermarket,1.3317705,103.8792945
Ntuc Fairprice Co-Operative Ltd,Supermarket,1.3365386,103.8887627
Ntuc Fairprice Co-Operative Ltd,Supermarket,1.3188694,103.8947313
Jmd Retail Pte. Ltd.,Supermarket,1.304164,103.896327
Ntuc Fairprice Co-Operative Ltd,Supermarket,1.2811222,103.8100313
Cold Storage Singapore (1983) Pte Ltd,Supermarket,1.2638958,103.8215892
Ntuc Fairprice Co-Operative Ltd,Supermarket,1.3047635,103.7816972
Ntuc Fairprice Co-Operative Ltd,Supermarket,1.3800305,103.7531184
Ntuc Fairprice Co-Operative Ltd,Supermarket,1.339315,103.705351
Ntuc Fairprice Co-Operative Ltd,Supermarket,1.3973018,103.746558
Ntuc Fairprice Co-Operative Ltd,Supermarket,1.3971288,103.7473297
Lamiah Enterprise Pte. Ltd.,Supermarket,1.3114678,103.63034
Ntuc Fairprice Co-Operative Ltd,Supermarket,1.3148532,103.7642482
Ntuc Fairprice Co-Operative Ltd,Supermarket,1.2733825,103.8089348
Ntuc Fairprice Co-Operative Ltd,Supermarket,1.2736765,103.8011269
Ntuc Fairprice Co-Operative Ltd,Supermarket,1.3332681,103.7401767
Ntuc Fairprice Co-Operative Ltd,Supermarket,1.3142786,103.7713505
Ntuc Fairprice Co-Operative Ltd,Supermarket,1.3483333,103.7243073
Ntuc Fairprice Co-Operative Ltd,Supermarket,1.3118859,103.7590809
Ntuc Fairprice Co-Operative Ltd,Supermarket,1.2927743,103.784084
Ntuc Fairprice Co-Operative Ltd,Supermarket,1.3477014,103.7570445
Ntuc Fairprice Co-Operative Ltd,Supermarket,1.3332002,103.7431704
Ntuc Fairprice Co-Operative Ltd,Supermarket,1.3665069,103.7468471
Shinva Agro Foods Pte. Ltd.,Supermarket,1.311002,103.6315723
Ntuc Fairprice Co-Operative Ltd,Supermarket,1.3246066,103.6780963
Shinva Agro Foods Pte. Ltd.,Supermarket,1.3009114,103.6277888
Ntuc Fairprice Co-Operative Ltd,Supermarket,1.39207,103.7430995
Ntuc Fairprice Co-Operative Ltd,Supermarket,1.3205202,103.7426515
Phan Nee Investments (S) Pte Ltd,Supermarket,1.3719328,103.7208574
Ntuc Fairprice Co-Operative Ltd,Supermarket,1.342591,103.7391994
The Qualitymart Depot Pte. Ltd.,Supermarket,1.2822013,103.8030237
Cold Storage Singapore (1983) Pte Ltd,Supermarket,1.3481337,103.6854184
Sheng Siong Supermarket Pte Ltd,Supermarket,1.3530382,103.7439484
Honestbee Pte. Ltd.,Supermarket,1.2760451,103.7971873
Ntuc Fairprice Co-Operative Ltd,Supermarket,1.2864634,103.826935
Ntuc Fairprice Co-Operative Ltd,Supermarket,1.2831195,103.8176428
Ntuc Fairprice Co-Operative Ltd,Supermarket,1.3251265,103.8510556
Ntuc Fairprice Co-Operative Ltd,Supermarket,1.2897781,103.8267937
Ntuc Fairprice Co-Operative Ltd,Supermarket,1.2762405,103.8430061
Ntuc Fairprice Co-Operative Ltd,Supermarket,1.2972753,103.8385339
Ntuc Fairprice Co-Operative Ltd,Supermarket,1.3805424,103.7639939
Ntuc Fairprice Co-Operative Ltd,Supermarket,1.4482265,103.8194621
Ntuc Fairprice Co-Operative Ltd,Supermarket,1.432626,103.7740511
Ntuc Fairprice Co-Operative Ltd,Supermarket,1.4375565,103.7951364
Ntuc Fairprice Co-Operative Ltd,Supermarket,1.4245284,103.8465955
Ntuc Fairprice Co-Operative Ltd,Supermarket,1.4291946,103.7811368
Ntuc Fairprice Co-Operative Ltd,Supermarket,1.4295252,103.8349951
Ntuc Fairprice Co-Operative Ltd,Supermarket,1.4169831,103.8352181
Ntuc Fairprice Co-Operative Ltd,Supermarket,1.385096,103.7602184
Ntuc Fairprice Co-Operative Ltd,Supermarket,1.3665582,103.841624
Ntuc Fairprice Co-Operative Ltd,Supermarket,1.4110359,103.8440398
Ntuc Fairprice Co-Operative Ltd,Supermarket,1.3238351,103.8099995
Ntuc Fairprice Co-Operative Ltd,Supermarket,1.3124829,103.7654767
Ntuc Fairprice Co-Operative Ltd,Supermarket,1.3386567,103.7785604
Ntuc Fairprice Co-Operative Ltd,Supermarket,1.3337534,103.7393713
Ntuc Fairprice Co-Operative Ltd,Supermarket,1.3398301,103.7064608
Ntuc Fairprice Co-Operative Ltd,Supermarket,1.3320593,103.7224528
Ntuc Fairprice Co-Operative Ltd,Supermarket,1.335042,103.720268
Ntuc Fairprice Co-Operative Ltd,Supermarket,1.3471623,103.7428078
Ntuc Fairprice Co-Operative Ltd,Supermarket,1.34871,103.7493345
Ntuc Fairprice Co-Operative Ltd,Supermarket,1.345512,103.7312191
Ntuc Fairprice Co-Operative Ltd,Supermarket,1.2927033,103.8109589
Sheng Siong Supermarket Pte Ltd,Supermarket,1.375635,103.8719964
Ntuc Fairprice Co-Operative Ltd,Supermarket,1.3209929,103.8703899
Ntuc Fairprice Co-Operative Ltd,Supermarket,1.2864535,103.8082424
Ntuc Fairprice Co-Operative Ltd,Supermarket,1.2930178,103.8269408
Ntuc Fairprice Co-Operative Ltd,Supermarket,1.3204296,103.8438921
Ntuc Fairprice Co-Operative Ltd,Supermarket,1.3692489,103.8483992
Ntuc Fairprice Co-Operative Ltd,Supermarket,1.315363,103.8494345
Ntuc Fairprice Co-Operative Ltd,Supermarket,1.3126545,103.8725417
Ntuc Fairprice Co-Operative Ltd,Supermarket,1.2848073,103.829298
Ntuc Fairprice Co-Operative Ltd,Supermarket,1.323796,103.8556706
Ntuc Fairprice Co-Operative Ltd,Supermarket,1.3113934,103.8564871
Ntuc Fairprice Co-Operative Ltd,Supermarket,1.277077,103.8314258
"Jewish Welfare Board, Singapore, The",Supermarket,1.2982732,103.8505995
Ntuc Fairprice Co-Operative Ltd,Supermarket,1.3058558,103.8329843
Ntuc Fairprice Co-Operative Ltd,Supermarket,1.3714092,103.8470828
Ntuc Fairprice Co-Operative Ltd,Supermarket,1.2745882,103.8434707
Ntuc Fairprice Co-Operative Ltd,Supermarket,1.327084,103.8464764
Ntuc Fairprice Co-Operative Ltd,Supermarket,1.392138,103.8724905
Cold Storage Singapore (1983) Pte Ltd,Supermarket,1.294879,103.8576755
Ntuc Fairprice Co-Operative Ltd,Supermarket,1.308806,103.8613119
Cold Storage Singapore (1983) Pte Ltd,Supermarket,1.2746179,103.8443195
Ntuc Fairprice Co-Operative Ltd,Supermarket,1.391393,103.8760676
Ntuc Fairprice Co-Operative Ltd,Supermarket,1.3862183,103.8929955
Ntuc Fairprice Co-Operative Ltd,Supermarket,1.2866802,103.8137663
Ntuc Fairprice Co-Operative Ltd,Supermarket,1.370894,103.8563965
Ntuc Fairprice Co-Operative Ltd,Supermarket,1.3632158,103.8354453
Ntuc Fairprice Co-Operative Ltd,Supermarket,1.3190934,103.8639053
Ntuc Fairprice Co-Operative Ltd,Supermarket,1.3388907,103.8489933
Sf (313) Pte. Ltd.,Supermarket,1.294879,103.8576755
Your Grocer Private Limited,Supermarket,1.2880768,103.8270812
Cold Storage Singapore (1983) Pte Ltd,Supermarket,1.2802276,103.8533493
Pan Pacific International Holdings Pte. Ltd.,Supermarket,1.3113934,103.8564871
Ntuc Fairprice Co-Operative Ltd,Supermarket,1.3217664,103.8866727
Ntuc Fairprice Co-Operative Ltd,Supermarket,1.3259406,103.93164
Ntuc Fairprice Co-Operative Ltd,Supermarket,1.3697994,103.8730357
Ntuc Fairprice Co-Operative Ltd,Supermarket,1.3014195,103.9071126
Ntuc Fairprice Co-Operative Ltd,Supermarket,1.3123075,103.9252345
Ntuc Fairprice Co-Operative Ltd,Supermarket,1.3285565,103.8853499
Ntuc Fairprice Co-Operative Ltd,Supermarket,1.3083616,103.9079888
Ntuc Fairprice Co-Operative Ltd,Supermarket,1.3463481,103.7124293
Ntuc Fairprice Co-Operative Ltd,Supermarket,1.3850683,103.7449503
Ntuc Fairprice Co-Operative Ltd,Supermarket,1.3452814,103.9453442
Ntuc Fairprice Co-Operative Ltd,Supermarket,1.39418,103.9129764
Ntuc Fairprice Co-Operative Ltd,Supermarket,1.355421,103.9343152
Ntuc Fairprice Co-Operative Ltd,Supermarket,1.3771407,103.953599
Ntuc Fairprice Co-Operative Ltd,Supermarket,1.3823369,103.8936078
Cold Storage Singapore (1983) Pte Ltd,Supermarket,1.3543155,103.9450194
Ntuc Fairprice Co-Operative Ltd,Supermarket,1.3717799,103.8941653
Ntuc Fairprice Co-Operative Ltd,Supermarket,1.3651607,103.8650418
Ntuc Fairprice Co-Operative Ltd,Supermarket,1.40461,103.9086656
Ntuc Fairprice Co-Operative Ltd,Supermarket,1.37743,103.9037128
Ntuc Fairprice Co-Operative Ltd,Supermarket,1.3534961,103.9396835
U Stars Supermarket Pte. Ltd.,Supermarket,1.351264,103.9293638
Ntuc Fairprice Co-Operative Ltd,Supermarket,1.3552428,103.9316236
Ntuc Fairprice Co-Operative Ltd,Supermarket,1.4028784,103.9131957
Ntuc Fairprice Co-Operative Ltd,Supermarket,1.4350778,103.7866196
Ntuc Fairprice Co-Operative Ltd,Supermarket,1.4538451,103.8195433
Ntuc Fairprice Co-Operative Ltd,Supermarket,1.4495664,103.8186411
Ntuc Fairprice Co-Operative Ltd,Supermarket,1.3091821,103.7925474
Sheng Siong Supermarket Pte Ltd,Supermarket,1.3806051,103.7600415
Ntuc Fairprice Co-Operative Ltd,Supermarket,1.4310639,103.790454
Ntuc Fairprice Co-Operative Ltd,Supermarket,1.3783497,103.7627411
Cutech Green Ventures Pte. Ltd.,Supermarket,1.4533436,103.7956824
Ntuc Fairprice Co-Operative Ltd,Supermarket,1.4279999,103.836142
Ntuc Fairprice Co-Operative Ltd,Supermarket,1.439916,103.8007012
Ntuc Fairprice Co-Operative Ltd,Supermarket,1.308492,103.7845981
Ntuc Fairprice Co-Operative Ltd,Supermarket,1.4179992,103.8412364
Sheng Siong Supermarket Pte Ltd,Supermarket,1.431098,103.7985076
Ntuc Fairprice Co-Operative Ltd,Supermarket,1.3488884,103.8496919
Ntuc Fairprice Co-Operative Ltd,Supermarket,1.3502394,103.8484776
Ntuc Fairprice Co-Operative Ltd,Supermarket,1.3723118,103.8936616
Ntuc Fairprice Co-Operative Ltd,Supermarket,1.3736183,103.8857488
Ntuc Fairprice Co-Operative Ltd,Supermarket,1.3575755,103.8840384
Ntuc Fairprice Co-Operative Ltd,Supermarket,1.375667,103.8794502
Ntuc Fairprice Co-Operative Ltd,Supermarket,1.3724498,103.9497156
Ntuc Fairprice Co-Operative Ltd,Supermarket,1.3526723,103.9443879
Ntuc Fairprice Co-Operative Ltd,Supermarket,1.3374047,103.9217747
Song Fish Dealer Pte Ltd,Supermarket,1.323651,103.9221029
U Stars Pte. Ltd.,Supermarket,1.4151763,103.8398303
Sheng Siong Supermarket Pte Ltd,Supermarket,1.302038,103.7980217
L M Meat Pte. Ltd.,Supermarket,1.323651,103.9221029
Sheng Siong Supermarket Pte Ltd,Supermarket,1.3670005,103.9646177
Oh Beng Guan,Supermarket,1.3639382,103.751896
Iroha International Pte. Ltd.,Supermarket,1.2849988,103.844697
Cold Storage Singapore (1983) Pte Ltd,Supermarket,1.3646254,103.847677
Cold Storage Singapore (1983) Pte Ltd,Supermarket,1.3873953,103.8691359
Cold Storage Singapore (1983) Pte Ltd,Supermarket,1.3052347,103.9050149
Culina Pte Ltd,Supermarket,1.3041751,103.8095261
Cold Storage Singapore (1983) Pte Ltd,Supermarket,1.3336223,103.8509778
Cold Storage Singapore (1983) Pte Ltd,Supermarket,1.28692,103.8186735
Sheng Siong Supermarket Pte Ltd,Supermarket,1.3246357,103.9310688
Prime Supermarket Limited,Supermarket,1.4399836,103.8012931
Ng Toh Tet,Supermarket,1.3515184,103.7194964
Hao Mart Pte. Ltd.,Supermarket,1.3354535,103.8633879
Chua & Ng Pte. Ltd.,Supermarket,1.3320509,103.914145
Loch Grocer Pte. Ltd.,Supermarket,1.3499554,103.7177048
Tanesei Trading Pte. Ltd.,Supermarket,1.3068488,103.7882145
Archana Supermarket Pte. Ltd.,Supermarket,1.3204842,103.7267228
Cold Storage Singapore (1983) Pte Ltd,Supermarket,1.4500086,103.8141109
Cold Storage Singapore (1983) Pte Ltd,Supermarket,1.3423928,103.7762505
Cold Storage Singapore (1983) Pte Ltd,Supermarket,1.3366757,103.7837091
Isetan (Singapore) Limited?,Supermarket,1.3340252,103.742586
Cold Storage Singapore (1983) Pte Ltd,Supermarket,1.341591,103.69702
Prime Supermarket Limited,Supermarket,1.3487264,103.698292
Sheng Siong Supermarket Pte Ltd,Supermarket,1.3473717,103.7436981
Cold Storage Singapore (1983) Pte Ltd,Supermarket,1.350189,103.7490219
Tanesei Retailing Pte. Ltd.,Supermarket,1.352361,103.9437848
Little Farms Pte. Ltd.,Supermarket,1.2767249,103.8451553
Mahota Food Pte. Ltd.,Supermarket,1.352361,103.9437848
Song Fish Dealer Pte Ltd,Supermarket,1.352361,103.9437848
Sheng Siong Supermarket Pte Ltd,Supermarket,1.3081188,103.7860493
Sheng Siong Supermarket Pte Ltd,Supermarket,1.377892,103.8564119
Isymi Pte Ltd,Supermarket,1.355309,103.8878571
The Seafood Market Place (By Song Fish) Pte. Ltd.,Supermarket,1.3146921,103.8944805
Toh Guan Mini Mart Pte Ltd,Supermarket,1.3383265,103.7535361
Kader Hasna Marican,Supermarket,1.3331457,103.6952481
"Tang Ker An, Timothy",Supermarket,1.320625,103.9347342
Cold Storage Singapore (1983) Pte Ltd,Supermarket,1.3790477,103.7729374
Mm Sundry Shop Pte.Ltd.,Supermarket,1.4546465,103.8044767
Al Marche Pte Ltd,Supermarket,1.2807694,103.8526585
Cold Storage Singapore (1983) Pte Ltd,Supermarket,1.3308174,103.7956923
Cold Storage Singapore (1983) Pte Ltd,Supermarket,1.3102554,103.7953504
The Alaska Guys Pte. Ltd.,Supermarket,1.3121224,103.9111859
Cold Storage Singapore (1983) Pte Ltd,Supermarket,1.4405381,103.8009775
Song Fish Dealer Pte Ltd,Supermarket,1.4296984,103.8357764
Sheng Siong Supermarket Pte Ltd,Supermarket,1.38824,103.7695753
Sheng Siong Supermarket Pte Ltd,Supermarket,1.3977987,103.8816988
Cold Storage Singapore (1983) Pte Ltd,Supermarket,1.4005311,103.9105369
Cold Storage Singapore (1983) Pte Ltd,Supermarket,1.2826343,103.8255957
Cold Storage Singapore (1983) Pte Ltd,Supermarket,1.3626745,103.7641729
Cold Storage Singapore (1983) Pte Ltd,Supermarket,1.316544,103.8942893
Tanesei Retailing Pte. Ltd.,Supermarket,1.3052347,103.9050149
Sheng Siong Supermarket Pte Ltd,Supermarket,1.3840058,103.7710296
Cold Storage Singapore (1983) Pte Ltd,Supermarket,1.3780561,103.7389318
U Stars Pte. Ltd.,Supermarket,1.3740579,103.74616
Fortune Supermarket Pte. Ltd.,Supermarket,1.4483415,103.8010571
Hao Mart Pte. Ltd.,Supermarket,1.450262,103.8225347
U Stars Supermarket Pte. Ltd.,Supermarket,1.4032271,103.895387
Sheng Siong Supermarket Pte Ltd,Supermarket,1.4037193,103.906138
Ang Mo Supermarket Pte Ltd,Supermarket,1.3994611,103.9160545
Cold Storage Singapore (1983) Pte Ltd,Supermarket,1.4056604,103.9119912
Sheng Siong Supermarket Pte Ltd,Supermarket,1.3077851,103.8570109
Swiss Butchery Pte Ltd,Supermarket,1.3056116,103.8229629
Cold Storage Singapore (1983) Pte Ltd,Supermarket,1.3225731,103.8142455
Cp Management Services Private Limited,Supermarket,1.3267439,104.0035784
Vinayak Traders Pte. Ltd.,Supermarket,1.3192381,103.7328824
Taste (Singapore) Private Limited,Supermarket,1.3105297,103.7961052
Sheng Siong Supermarket Pte Ltd,Supermarket,1.4330319,103.8416008
Prime Supermarket (1996) Pte Ltd,Supermarket,1.3774396,103.7443832
Cavemen Pte. Ltd.,Supermarket,1.3269654,103.8436742
Cold Storage Singapore (1983) Pte Ltd,Supermarket,1.3076686,103.8281644
Cold Storage Singapore (1983) Pte Ltd,Supermarket,1.301978,103.8397588
Prime Supermarket (1996) Pte Ltd,Supermarket,1.346764,103.6788181
Cold Storage Singapore (1983) Pte Ltd,Supermarket,1.3127532,103.9236578
Mohamad Damar Hulan Bin Osman,Supermarket,1.3171497,103.9039651
The Foodspree Pte Ltd,Supermarket,1.3129044,103.8997112
Hao Mart Pte. Ltd.,Supermarket,1.3070606,103.9237697
Cold Storage Singapore (1983) Pte Ltd,Supermarket,1.3314268,103.948257
Sheng Siong Supermarket Pte Ltd,Supermarket,1.338242,103.9233039
Cold Storage Singapore (1983) Pte Ltd,Supermarket,1.368998,103.9586476
Sheng Siong Supermarket Pte Ltd,Supermarket,1.3696862,103.9479224
Cold Storage Singapore (1983) Pte Ltd,Supermarket,1.38085,103.8793091
L M Meat Pte. Ltd.,Supermarket,1.3204296,103.8438921
Fishop Pte. Ltd.,Supermarket,1.288614,103.8050099
Hong Heng Seng,Supermarket,1.281197,103.8434373
Cold Storage Singapore (1983) Pte Ltd,Supermarket,1.3350243,103.7466382
U Stars Supermarket Pte. Ltd.,Supermarket,1.3177028,103.7690767
Kek Hong Heng,Supermarket,1.3180098,103.7319489
Lim King Chew,Supermarket,1.3627144,103.8939805
Cold Storage Singapore (1983) Pte Ltd,Supermarket,1.3011913,103.9051135
Prime Supermarket (1996) Pte Ltd,Supermarket,1.320625,103.9347342
Sheng Siong Supermarket Pte Ltd,Supermarket,1.3782976,103.7540714
Cold Storage Singapore (1983) Pte Ltd,Supermarket,1.3200004,103.887363
Sheng Siong Supermarket Pte Ltd,Supermarket,1.3390447,103.855541
Mcp Fairmart Pte Ltd,Supermarket,1.3323346,103.9380512
One Eight Shop Pte. Ltd.,Supermarket,1.3365846,103.7376233
Cold Storage Singapore (1983) Pte Ltd,Supermarket,1.358317,103.7495798
Cold Storage Singapore (1983) Pte Ltd,Supermarket,1.3330664,103.9310913
Hao Mart Pte. Ltd.,Supermarket,1.359985,103.9582476
Cold Storage Singapore (1983) Pte Ltd,Supermarket,1.4306182,103.8287629
Cold Storage Singapore (1983) Pte Ltd,Supermarket,1.277795,103.8193413
Cold Storage Singapore (1983) Pte Ltd,Supermarket,1.3100811,103.7885328
Prime Supermarket Limited,Supermarket,1.3485753,103.7427086
Sheng Siong Supermarket Pte Ltd,Supermarket,1.4160187,103.8350007
Cold Storage Singapore (1983) Pte Ltd,Supermarket,1.3298721,103.9019297
Ang Mo Supermarket Pte Ltd,Supermarket,1.3717034,103.8799389
En Frozen Pte Ltd,Supermarket,1.3167251,103.8979774
Laurels Foods Suppliers Pte Ltd,Supermarket,1.3204417,103.7789724
Sheng Siong Supermarket Pte Ltd,Supermarket,1.4275054,103.8371252
Sheng Siong Supermarket Pte Ltd,Supermarket,1.4315052,103.7735156
Teo Bobby,Supermarket,1.353671,103.8707568
Shahul Hameed S/O Abdusalam,Supermarket,1.3475351,103.9517027
Cold Storage Singapore (1983) Pte Ltd,Supermarket,1.346699,103.7572767
Cold Storage Singapore (1983) Pte Ltd,Supermarket,1.3532316,103.8714728
Cold Storage Singapore (1983) Pte Ltd,Supermarket,1.3056057,103.915376
Sheng Siong Supermarket Pte Ltd,Supermarket,1.329181,103.8882484
Cold Storage Singapore (1983) Pte Ltd,Supermarket,1.436114,103.8376052
Prime Supermarket (1996) Pte Ltd,Supermarket,1.3807904,103.7519544
Tan Chuan Boon,Supermarket,1.3662094,103.8951448
Sheng Siong Supermarket Pte Ltd,Supermarket,1.321619,103.8593827
Prime Supermarket Limited,Supermarket,1.3420178,103.6914831
Mcp Fairmart Pte Ltd,Supermarket,1.3337534,103.7393713
Sheng Siong Supermarket Pte Ltd,Supermarket,1.3314336,103.9368654
Hao Mart Pte. Ltd.,Supermarket,1.3247158,103.8577528
Cold Storage Singapore (1983) Pte Ltd,Supermarket,1.24715,103.839555
Cold Storage Singapore (1983) Pte Ltd,Supermarket,1.2620633,103.8186255
L M Meat Pte. Ltd.,Supermarket,1.3035826,103.7652845
U Stars Pte. Ltd.,Supermarket,1.377543,103.7497
Guru'S Marketing Pte. Ltd.,Supermarket,1.3192381,103.7328824
Isetan (Singapore) Limited?,Supermarket,1.305809,103.8315073
Sheng Siong Supermarket Pte Ltd,Supermarket,1.3097333,103.7686373
Cold Storage Singapore (1983) Pte Ltd,Supermarket,1.3017613,103.7693693
Sheng Siong Supermarket Pte Ltd,Supermarket,1.2953196,103.8097585
Cold Storage Singapore (1983) Pte Ltd,Supermarket,1.2938935,103.8531199
Cold Storage Singapore (1983) Pte Ltd,Supermarket,1.3024241,103.8346761
Cold Storage Singapore (1983) Pte Ltd,Supermarket,1.3321127,103.857378
Ntuc Fairprice Co-Operative Ltd,Supermarket,1.2909091,103.8031076
Ntuc Fairprice Co-Operative Ltd,Supermarket,1.2849988,103.844697
Cold Storage Singapore (1983) Pte Ltd,Supermarket,1.3173346,103.8434631
Cold Storage Singapore (1983) Pte Ltd,Supermarket,1.3792452,103.887832
Teo Bobby,Supermarket,1.3247604,103.9243702
Loh Nyen Yiu,Supermarket,1.3027512,103.8651636
Archana Provision Stores Pte. Ltd,Supermarket,1.3192381,103.7328824
Kingsmart Pte. Ltd.,Supermarket,1.3162104,103.7325271
Ap House Pte. Ltd.,Supermarket,1.2783073,103.8507951
Hao Mart Pte. Ltd.,Supermarket,1.3117954,103.9368945
Cold Storage Singapore (1983) Pte Ltd,Supermarket,1.321447,103.9554194
U Stars Supermarket Pte. Ltd.,Supermarket,1.3968497,103.8892467
U Stars Supermarket Pte. Ltd.,Supermarket,1.3897702,103.8927871
Prime Supermarket (1996) Pte Ltd,Supermarket,1.3736839,103.8714169
Sheng Siong Supermarket Pte Ltd,Supermarket,1.3518449,103.8360536
Phan Nee Investments (S) Pte Ltd,Supermarket,1.4451832,103.8379632
Cold Storage Singapore (1983) Pte Ltd,Supermarket,1.4173833,103.8329799
Gw Trader Pte. Ltd.,Supermarket,1.4183313,103.8964478
Phang Nee Enterprise Pte. Ltd.,Supermarket,1.3207879,103.7297513
Sheng Siong Supermarket Pte Ltd,Supermarket,1.4108192,103.9003716
Four Seasons Organic Market Pte. Ltd.,Supermarket,1.3011913,103.9051135
The Butcher (Singapore) Pte. Ltd.,Supermarket,1.3011913,103.9051135
Sheng Siong Supermarket Pte Ltd,Supermarket,1.3142786,103.7713505
Sheng Siong Supermarket Pte Ltd,Supermarket,1.352393,103.7157595
Thng Saik Mong,Supermarket,1.3221239,103.7702659
Hao Mart Pte. Ltd.,Supermarket,1.3580352,103.8482084
Cold Storage Singapore (1983) Pte Ltd,Supermarket,1.3543649,103.9600421
Sheng Siong Supermarket Pte Ltd,Supermarket,1.4507497,103.7968465
Mahota Food Pte. Ltd.,Supermarket,1.308327,103.8620058
Guru'S Marketing Pte. Ltd.,Supermarket,1.3204842,103.7267228
Vinayak Traders Pte. Ltd.,Supermarket,1.3204842,103.7267228
Cold Storage Singapore (1983) Pte Ltd,Supermarket,1.4456228,103.7981409
Chennai Trading & Supermart Pte. Ltd.,Supermarket,1.3204842,103.7267228
Ajmal Trade Mart Pte. Ltd.,Supermarket,1.406312,103.7605617
L M Meat Pte. Ltd.,Supermarket,1.334325,103.9623893
Sheng Siong Supermarket Pte Ltd,Supermarket,1.3192381,103.7328824
Sun Trg & Con Pte Ltd,Supermarket,1.451325,103.7910951
Sheng Siong Supermarket Pte Ltd,Supermarket,1.2870827,103.8415801
Cold Storage Singapore (1983) Pte Ltd,Supermarket,1.3920941,103.89498
Cold Storage Singapore (1983) Pte Ltd,Supermarket,1.4417671,103.824495
Song Fish Dealer Pte Ltd,Supermarket,1.2849988,103.844697
Song Fish Dealer Pte Ltd,Supermarket,1.3398301,103.7064608
Cold Storage Singapore (1983) Pte Ltd,Supermarket,1.3664536,103.9645985
Ng Chai Seng,Supermarket,1.2739294,103.8253107
Prime Supermarket Limited,Supermarket,1.3589463,103.7503658
Ang Ken Chua,Supermarket,1.3806279,103.7415201
Hao Mart Pte. Ltd.,Supermarket,1.331773,103.9242364
Cold Storage Singapore (1983) Pte Ltd,Supermarket,1.3721016,103.9319998
Sarathi Stores Pte Ltd,Supermarket,1.3374849,103.8870041
Sivamani Minimart Pte Ltd,Supermarket,1.3388823,103.8861092
Hao Mart Pte. Ltd.,Supermarket,1.373079,103.8296308
Alternative Selection Pte. Ltd.,Supermarket,1.3366147,103.7869692
Tuas South Minimart Pte. Ltd.,Supermarket,1.2706771,103.6361447
Nps Impex Pte. Ltd,Supermarket,1.2989514,103.6275179
Cold Storage Singapore (1983) Pte Ltd,Supermarket,1.3501124,103.7245987
Sheng Siong Supermarket Pte Ltd,Supermarket,1.3487848,103.7034156
Cold Storage Singapore (1983) Pte Ltd,Supermarket,1.3601237,103.7675423
Gowri'S Global Marketing Pte. Ltd.,Supermarket,1.4107221,103.7683959
Balasubramaniyan Kannadasan,Supermarket,1.4359453,103.7540084
Ajmal Trade Mart Pte. Ltd.,Supermarket,1.4306935,103.7592372
De Esperto Minimart Pte. Ltd.,Supermarket,1.4512206,103.7978534
Phan Nee Trading Llp,Supermarket,1.4613885,103.8181112
Bangladesh Super Market Pte. Ltd.,Supermarket,1.4534369,103.8325263
Labiba Enterprise Pte. Ltd.,Supermarket,1.3965741,103.8728515
Cold Storage Singapore (1983) Pte Ltd,Supermarket,1.381997,103.897031
Shafen Supermarket & Trading (S) Pte. Ltd.,Supermarket,1.3364179,103.7518073
Ys Logistics (S) Pte. Ltd.,Supermarket,1.3085934,103.7223168
Malar Marketing Pte. Ltd.,Supermarket,1.313358,103.6274369
Sadia Supermarket & Trading (S) Pte. Ltd.,Supermarket,1.3106942,103.63019
Gowri'S Global Marketing Pte. Ltd.,Supermarket,1.328886,103.6771299
Kavi Traders Pte. Ltd.,Supermarket,1.3133223,103.6279169
Bismillah Minimart Pte. Ltd.,Supermarket,1.4075432,103.7580949
Fortune Supermarket Pte. Ltd.,Supermarket,1.455512,103.8145402
Cold Storage Singapore (1983) Pte Ltd,Supermarket,1.4527362,103.8172492
Prime Supermarket Limited,Supermarket,1.3965261,103.9088507
U Stars Supermarket Pte. Ltd.,Supermarket,1.4054135,103.8968238
Cold Storage Singapore (1983) Pte Ltd,Supermarket,1.3835804,103.7707683
Hao Mart Pte. Ltd.,Supermarket,1.37343,103.773924
Prime Supermarket (1996) Pte Ltd,Supermarket,1.4253984,103.833259
Sheng Siong Supermarket Pte Ltd,Supermarket,1.3559021,103.9459121
Cold Storage Singapore (1983) Pte Ltd,Supermarket,1.3745492,103.9370881
Cold Storage Singapore (1983) Pte Ltd,Supermarket,1.4248993,103.8472497
Prime Supermarket Limited,Supermarket,1.3232896,103.9241496
Sheng Siong Supermarket Pte Ltd,Supermarket,1.332402,103.9255006
Hao Mart Pte. Ltd.,Supermarket,1.3193502,103.9436323
Prime Supermarket (1996) Pte Ltd,Supermarket,1.3520905,103.8793145
Prime Supermarket Limited,Supermarket,1.3948481,103.8960422
Cold Storage Singapore (1983) Pte Ltd,Supermarket,1.4427533,103.790548
Cold Storage Singapore (1983) Pte Ltd,Supermarket,1.37423,103.8394891
Cold Storage Singapore (1983) Pte Ltd,Supermarket,1.3456077,103.8826958
D-Ron Investments Pte. Ltd.,Supermarket,1.4169078,103.8960187
Ajmal Super Mart Pte. Ltd.,Supermarket,1.3139645,103.6257646
Cold Storage Singapore (1983) Pte Ltd,Supermarket,1.3075623,103.8293522
Song Fish Dealer Pte Ltd,Supermarket,1.3332002,103.7431704
Cold Storage Singapore (1983) Pte Ltd,Supermarket,1.3161774,103.8378149
Cold Storage Singapore (1983) Pte Ltd,Supermarket,1.2835587,103.8585057
Ng Lian Tee,Supermarket,1.3316647,103.8070338
Tan Pak Nang,Supermarket,1.3331232,103.8788419
Hao Mart Pte. Ltd.,Supermarket,1.313469,103.8770047
Prb Trading Pte. Ltd.,Supermarket,1.3120887,103.8773892
Sheng Siong Supermarket Pte Ltd,Supermarket,1.31272,103.8786415
I-Tec Supermart Pte Ltd,Supermarket,1.3132886,103.8851531
Yeo Hock Heng,Supermarket,1.313576,103.8818777
Az Supermart Pte. Ltd.,Supermarket,1.3380967,103.9099466
Foodie Market Place Pte. Ltd.,Supermarket,1.3060863,103.8961496
Zac Meat & Poultry Pte Ltd,Supermarket,1.3157493,103.925857